Datetime,value
BVP
2021-03-16 18:39:27.520000,0.06173706
2021-03-16 18:39:27.535630,0.01470947
2021-03-16 18:39:27.551250,0.02740479
2021-03-16 18:39:27.566880,0.1572571
2021-03-16 18:39:27.582500,0.4082031
2021-03-16 18:39:27.598130,0.710022
2021-03-16 18:39:27.613750,0.9264832
2021-03-16 18:39:27.629380,0.9379272
2021-03-16 18:39:27.645010,0.7085876
2021-03-16 18:39:27.660630,0.3305664
2021-03-16 18:39:27.676260,-0.01370239
2021-03-16 18:39:27.691880,-0.1463013
2021-03-16 18:39:27.707510,0.01086426
2021-03-16 18:39:27.723130,0.3845215
2021-03-16 18:39:27.738760,0.782959
2021-03-16 18:39:27.754390,0.9924011
2021-03-16 18:39:27.770010,0.9160461
2021-03-16 18:39:27.785640,0.6016235
2021-03-16 18:39:27.801260,0.225708
2021-03-16 18:39:27.816890,-0.004119873
2021-03-16 18:39:27.832510,0.04351807
2021-03-16 18:39:27.848140,0.3459473
2021-03-16 18:39:27.863770,0.7567139
2021-03-16 18:39:27.879390,1.076752
2021-03-16 18:39:27.895020,1.163116
2021-03-16 18:39:27.910640,1.000519
2021-03-16 18:39:27.926270,0.6923523
2021-03-16 18:39:27.941890,0.3841248
2021-03-16 18:39:27.957520,0.1889343
2021-03-16 18:39:27.973150,0.1209412
2021-03-16 18:39:27.988770,0.1148071
2021-03-16 18:39:28.004400,0.08508301
2021-03-16 18:39:28.020020,0.005401611
2021-03-16 18:39:28.035650,-0.08514404
2021-03-16 18:39:28.051270,-0.1117859
2021-03-16 18:39:28.066900,-0.02151489
2021-03-16 18:39:28.082530,0.1671448
2021-03-16 18:39:28.098150,0.3805542
2021-03-16 18:39:28.113780,0.5325317
2021-03-16 18:39:28.129400,0.5845337
2021-03-16 18:39:28.145030,0.5379639
2021-03-16 18:39:28.160660,0.432251
2021-03-16 18:39:28.176280,0.2922363
2021-03-16 18:39:28.191910,0.1150818
2021-03-16 18:39:28.207530,-0.112854
2021-03-16 18:39:28.223160,-0.3969727
2021-03-16 18:39:28.238780,-0.6922607
2021-03-16 18:39:28.254410,-0.9246826
2021-03-16 18:39:28.270040,-1.009369
2021-03-16 18:39:28.285660,-0.9115906
2021-03-16 18:39:28.301290,-0.6735229
2021-03-16 18:39:28.316910,-0.4051819
2021-03-16 18:39:28.332540,-0.2470703
2021-03-16 18:39:28.348160,-0.2840881
2021-03-16 18:39:28.363790,-0.510498
2021-03-16 18:39:28.379420,-0.8206482
2021-03-16 18:39:28.395040,-1.061554
2021-03-16 18:39:28.410670,-1.106171
2021-03-16 18:39:28.426290,-0.9138489
2021-03-16 18:39:28.441920,-0.5487976
2021-03-16 18:39:28.457540,-0.1257324
2021-03-16 18:39:28.473170,0.2361755
2021-03-16 18:39:28.488800,0.4790039
2021-03-16 18:39:28.504420,0.5977478
2021-03-16 18:39:28.520050,0.6269226
2021-03-16 18:39:28.535670,0.5873108
2021-03-16 18:39:28.551300,0.4806213
2021-03-16 18:39:28.566920,0.3196716
2021-03-16 18:39:28.582550,0.1283875
2021-03-16 18:39:28.598180,-0.04800415
2021-03-16 18:39:28.613800,-0.1752319
2021-03-16 18:39:28.629430,-0.2307129
2021-03-16 18:39:28.645050,-0.2391357
2021-03-16 18:39:28.660680,-0.2347717
2021-03-16 18:39:28.676300,-0.2557983
2021-03-16 18:39:28.707560,-0.4382935
2021-03-16 18:39:28.723180,-0.5945129
2021-03-16 18:39:28.738810,-0.7576904
2021-03-16 18:39:28.754430,-0.8842163
2021-03-16 18:39:28.770060,-0.9183044
2021-03-16 18:39:28.785680,-0.810791
2021-03-16 18:39:28.801310,-0.5404968
2021-03-16 18:39:28.816940,-0.1373291
2021-03-16 18:39:28.832560,0.3136902
2021-03-16 18:39:28.848190,0.6979675
2021-03-16 18:39:28.863810,0.9044495
2021-03-16 18:39:28.879440,0.8676147
2021-03-16 18:39:28.895060,0.5926208
2021-03-16 18:39:28.910690,0.1741333
2021-03-16 18:39:28.926320,-0.252533
2021-03-16 18:39:28.941940,-0.5428162
2021-03-16 18:39:28.957570,-0.5950317
2021-03-16 18:39:28.973190,-0.4069214
2021-03-16 18:39:28.988820,-0.05148315
2021-03-16 18:39:29.004440,0.330719
2021-03-16 18:39:29.020070,0.6109009
2021-03-16 18:39:29.035700,0.7087708
2021-03-16 18:39:29.051320,0.6216431
2021-03-16 18:39:29.066950,0.40625
2021-03-16 18:39:29.082570,0.1416321
2021-03-16 18:39:29.098200,-0.1130371
2021-03-16 18:39:29.113820,-0.3304138
2021-03-16 18:39:29.129450,-0.5032959
2021-03-16 18:39:29.145080,-0.6401367
2021-03-16 18:39:29.160700,-0.7345581
2021-03-16 18:39:29.176330,-0.7735901
2021-03-16 18:39:29.191950,-0.7293091
2021-03-16 18:39:29.207580,-0.5871887
2021-03-16 18:39:29.223200,-0.3503723
2021-03-16 18:39:29.238830,-0.0614624
2021-03-16 18:39:29.254460,0.2071838
2021-03-16 18:39:29.270080,0.3841248
2021-03-16 18:39:29.285710,0.4238281
2021-03-16 18:39:29.301330,0.3345337
2021-03-16 18:39:29.316960,0.1781616
2021-03-16 18:39:29.332580,0.03451538
2021-03-16 18:39:29.348210,-0.02960205
2021-03-16 18:39:29.363840,0.01644897
2021-03-16 18:39:29.379460,0.1647034
2021-03-16 18:39:29.395090,0.3786316
2021-03-16 18:39:29.410710,0.6127319
2021-03-16 18:39:29.426340,0.8223267
2021-03-16 18:39:29.441960,0.9739685
2021-03-16 18:39:29.457590,1.046204
2021-03-16 18:39:29.473220,1.02713
2021-03-16 18:39:29.488840,0.9335632
2021-03-16 18:39:29.504470,0.7868042
2021-03-16 18:39:29.520090,0.6061401
2021-03-16 18:39:29.535720,0.4047852
2021-03-16 18:39:29.551340,0.2021179
2021-03-16 18:39:29.566970,0.034729
2021-03-16 18:39:29.582600,-0.03186035
2021-03-16 18:39:29.598220,0.05212402
2021-03-16 18:39:29.613850,0.2913818
2021-03-16 18:39:29.629470,0.6221008
2021-03-16 18:39:29.645100,0.9208984
2021-03-16 18:39:29.660720,1.064331
2021-03-16 18:39:29.676350,0.9772949
2021-03-16 18:39:29.691980,0.6905518
2021-03-16 18:39:29.707600,0.2954712
2021-03-16 18:39:29.723230,-0.08139038
2021-03-16 18:39:29.738850,-0.3435669
2021-03-16 18:39:29.754480,-0.4522705
2021-03-16 18:39:29.770100,-0.4240417
2021-03-16 18:39:29.785730,-0.3094177
2021-03-16 18:39:29.801360,-0.1758728
2021-03-16 18:39:29.816980,-0.08428955
2021-03-16 18:39:29.832610,-0.07174683
2021-03-16 18:39:29.848230,-0.1443481
2021-03-16 18:39:29.863860,-0.2807922
2021-03-16 18:39:29.879480,-0.4319153
2021-03-16 18:39:29.895110,-0.5552673
2021-03-16 18:39:29.910740,-0.642395
2021-03-16 18:39:29.926360,-0.7138062
2021-03-16 18:39:29.941990,-0.8064575
2021-03-16 18:39:29.957610,-0.9285889
2021-03-16 18:39:29.973240,-1.046539
2021-03-16 18:39:29.988860,-1.090515
2021-03-16 18:39:30.004490,-0.9969788
2021-03-16 18:39:30.020120,-0.7558289
2021-03-16 18:39:30.035740,-0.4225769
2021-03-16 18:39:30.051370,-0.09960938
2021-03-16 18:39:30.066990,0.1231995
2021-03-16 18:39:30.082620,0.2145996
2021-03-16 18:39:30.098240,0.2110291
2021-03-16 18:39:30.113870,0.1951599
2021-03-16 18:39:30.129500,0.2284546
2021-03-16 18:39:30.145120,0.3166504
2021-03-16 18:39:30.160750,0.398468
2021-03-16 18:39:30.176370,0.3782349
2021-03-16 18:39:30.192000,0.2069092
2021-03-16 18:39:30.207620,-0.1034546
2021-03-16 18:39:30.223250,-0.4605103
2021-03-16 18:39:30.238880,-0.757843
2021-03-16 18:39:30.254500,-0.9122925
2021-03-16 18:39:30.270130,-0.9112244
2021-03-16 18:39:30.285750,-0.7964172
2021-03-16 18:39:30.301380,-0.6278687
2021-03-16 18:39:30.317000,-0.4710693
2021-03-16 18:39:30.332630,-0.3708801
2021-03-16 18:39:30.348260,-0.3572693
2021-03-16 18:39:30.363880,-0.4518127
2021-03-16 18:39:30.379510,-0.6531982
2021-03-16 18:39:30.395130,-0.9273376
2021-03-16 18:39:30.410760,-1.207245
2021-03-16 18:39:30.426380,-1.404694
2021-03-16 18:39:30.442010,-1.445038
2021-03-16 18:39:30.457640,-1.312408
2021-03-16 18:39:30.473260,-1.060089
2021-03-16 18:39:30.488890,-0.7882996
2021-03-16 18:39:30.504510,-0.5988159
2021-03-16 18:39:30.520140,-0.5232849
2021-03-16 18:39:30.535760,-0.5244141
2021-03-16 18:39:30.551390,-0.5340881
2021-03-16 18:39:30.567020,-0.5023499
2021-03-16 18:39:30.582640,-0.4397888
2021-03-16 18:39:30.598270,-0.4042969
2021-03-16 18:39:30.613890,-0.45755
2021-03-16 18:39:30.629520,-0.6149902
2021-03-16 18:39:30.645140,-0.8300171
2021-03-16 18:39:30.660770,-1.012939
2021-03-16 18:39:30.676400,-1.0896
2021-03-16 18:39:30.692020,-1.036713
2021-03-16 18:39:30.707650,-0.9070435
2021-03-16 18:39:30.723270,-0.7803345
2021-03-16 18:39:30.738900,-0.7166443
2021-03-16 18:39:30.754520,-0.7164001
2021-03-16 18:39:30.770150,-0.72995
2021-03-16 18:39:30.785780,-0.6791077
2021-03-16 18:39:30.801400,-0.5066833
2021-03-16 18:39:30.817030,-0.2041626
2021-03-16 18:39:30.832650,0.2073059
2021-03-16 18:39:30.848280,0.6924438
2021-03-16 18:39:30.863910,1.242401
2021-03-16 18:39:30.879530,1.859711
2021-03-16 18:39:30.895160,2.54895
2021-03-16 18:39:30.910780,3.264038
2021-03-16 18:39:30.926410,3.897461
2021-03-16 18:39:30.942030,4.305359
2021-03-16 18:39:30.957660,4.367584
2021-03-16 18:39:30.973290,4.065338
2021-03-16 18:39:30.988910,3.511993
2021-03-16 18:39:31.004540,2.887726
2021-03-16 18:39:31.020160,2.393799
2021-03-16 18:39:31.035790,2.134491
2021-03-16 18:39:31.051410,2.091278
2021-03-16 18:39:31.067040,2.141876
2021-03-16 18:39:31.082670,2.132935
2021-03-16 18:39:31.098290,1.970978
2021-03-16 18:39:31.113920,1.641357
2021-03-16 18:39:31.129540,1.209106
2021-03-16 18:39:31.145170,0.7506714
2021-03-16 18:39:31.160790,0.3313293
2021-03-16 18:39:31.176420,-0.02505493
2021-03-16 18:39:31.192050,-0.3017578
2021-03-16 18:39:31.207670,-0.4845276
2021-03-16 18:39:31.223300,-0.5514526
2021-03-16 18:39:31.238920,-0.4749756
2021-03-16 18:39:31.254550,-0.2534485
2021-03-16 18:39:31.270170,0.0847168
2021-03-16 18:39:31.285800,0.4803772
2021-03-16 18:39:31.301430,0.8531189
2021-03-16 18:39:31.317050,1.124542
2021-03-16 18:39:31.332680,1.259094
2021-03-16 18:39:31.348300,1.260376
2021-03-16 18:39:31.363930,1.182007
2021-03-16 18:39:31.379550,1.070374
2021-03-16 18:39:31.395180,0.9684143
2021-03-16 18:39:31.410810,0.8656311
2021-03-16 18:39:31.426430,0.7036133
2021-03-16 18:39:31.442060,0.4143066
2021-03-16 18:39:31.457680,-0.03692627
2021-03-16 18:39:31.473310,-0.6186829
2021-03-16 18:39:31.488930,-1.215881
2021-03-16 18:39:31.504560,-1.694946
2021-03-16 18:39:31.520190,-1.94873
2021-03-16 18:39:31.535810,-1.964996
2021-03-16 18:39:31.551440,-1.822723
2021-03-16 18:39:31.567060,-1.651489
2021-03-16 18:39:31.582690,-1.555908
2021-03-16 18:39:31.598310,-1.556305
2021-03-16 18:39:31.613940,-1.607513
2021-03-16 18:39:31.629570,-1.632355
2021-03-16 18:39:31.645190,-1.589386
2021-03-16 18:39:31.660820,-1.487488
2021-03-16 18:39:31.676440,-1.370789
2021-03-16 18:39:31.692070,-1.273499
2021-03-16 18:39:31.707690,-1.195465
2021-03-16 18:39:31.723320,-1.100616
2021-03-16 18:39:31.738950,-0.9497986
2021-03-16 18:39:31.754570,-0.7475281
2021-03-16 18:39:31.770200,-0.5311584
2021-03-16 18:39:31.785820,-0.3598633
2021-03-16 18:39:31.801450,-0.2797852
2021-03-16 18:39:31.817070,-0.2915039
2021-03-16 18:39:31.832700,-0.3600159
2021-03-16 18:39:31.848330,-0.4291077
2021-03-16 18:39:31.863950,-0.4515076
2021-03-16 18:39:31.879580,-0.4286499
2021-03-16 18:39:31.895200,-0.3967285
2021-03-16 18:39:31.910830,-0.407196
2021-03-16 18:39:31.926450,-0.504364
2021-03-16 18:39:31.942080,-0.6738586
2021-03-16 18:39:31.957710,-0.8486938
2021-03-16 18:39:31.973330,-0.9606018
2021-03-16 18:39:31.988960,-0.9781189
2021-03-16 18:39:32.004580,-0.9438782
2021-03-16 18:39:32.020210,-0.9467163
2021-03-16 18:39:32.035830,-1.062134
2021-03-16 18:39:32.051460,-1.282349
2021-03-16 18:39:32.067090,-1.513855
2021-03-16 18:39:32.082710,-1.626923
2021-03-16 18:39:32.098340,-1.532562
2021-03-16 18:39:32.113960,-1.235474
2021-03-16 18:39:32.129590,-0.8310852
2021-03-16 18:39:32.145210,-0.4260254
2021-03-16 18:39:32.160840,-0.081604
2021-03-16 18:39:32.176470,0.2189636
2021-03-16 18:39:32.192090,0.5231018
2021-03-16 18:39:32.207720,0.8530579
2021-03-16 18:39:32.223340,1.164948
2021-03-16 18:39:32.238970,1.373657
2021-03-16 18:39:32.254590,1.422089
2021-03-16 18:39:32.270220,1.336792
2021-03-16 18:39:32.285850,1.214325
2021-03-16 18:39:32.301470,1.147522
2021-03-16 18:39:32.317100,1.16333
2021-03-16 18:39:32.332720,1.180634
2021-03-16 18:39:32.348350,1.069305
2021-03-16 18:39:32.363970,0.7290344
2021-03-16 18:39:32.379600,0.1667786
2021-03-16 18:39:32.395230,-0.4763489
2021-03-16 18:39:32.410850,-0.9933167
2021-03-16 18:39:32.426480,-1.22345
2021-03-16 18:39:32.442100,-1.127655
2021-03-16 18:39:32.457730,-0.8034363
2021-03-16 18:39:32.473350,-0.4276428
2021-03-16 18:39:32.488980,-0.1618652
2021-03-16 18:39:32.504610,-0.07632446
2021-03-16 18:39:32.520230,-0.1505737
2021-03-16 18:39:32.535860,-0.2915039
2021-03-16 18:39:32.551480,-0.4024048
2021-03-16 18:39:32.567110,-0.4342041
2021-03-16 18:39:32.582730,-0.4004517
2021-03-16 18:39:32.598360,-0.3684387
2021-03-16 18:39:32.613990,-0.3962708
2021-03-16 18:39:32.629610,-0.4897156
2021-03-16 18:39:32.645240,-0.5787659
2021-03-16 18:39:32.660860,-0.5418396
2021-03-16 18:39:32.676490,-0.2928772
2021-03-16 18:39:32.692110,0.1456909
2021-03-16 18:39:32.707740,0.6334534
2021-03-16 18:39:32.723370,0.9655151
2021-03-16 18:39:32.738990,0.9728394
2021-03-16 18:39:32.754620,0.6357422
2021-03-16 18:39:32.770240,0.0942688
2021-03-16 18:39:32.785870,-0.4204407
2021-03-16 18:39:32.801490,-0.7044678
2021-03-16 18:39:32.817120,-0.6735535
2021-03-16 18:39:32.832750,-0.3907166
2021-03-16 18:39:32.848370,0.002258301
2021-03-16 18:39:32.864000,0.380249
2021-03-16 18:39:32.879620,0.6679382
2021-03-16 18:39:32.895250,0.8613892
2021-03-16 18:39:32.910870,0.9830017
2021-03-16 18:39:32.926500,1.042114
2021-03-16 18:39:32.942130,1.037598
2021-03-16 18:39:32.957750,0.97052
2021-03-16 18:39:32.973380,0.847229
2021-03-16 18:39:32.989000,0.676178
2021-03-16 18:39:33.004630,0.4762268
2021-03-16 18:39:33.020260,0.2460632
2021-03-16 18:39:33.035880,0.000579834
2021-03-16 18:39:33.051510,-0.2212219
2021-03-16 18:39:33.067130,-0.3534241
2021-03-16 18:39:33.082760,-0.3338623
2021-03-16 18:39:33.098380,-0.1276855
2021-03-16 18:39:33.114010,0.2202454
2021-03-16 18:39:33.129640,0.6065369
2021-03-16 18:39:33.145260,0.9002075
2021-03-16 18:39:33.160890,1.010284
2021-03-16 18:39:33.176510,0.9180298
2021-03-16 18:39:33.192140,0.6827087
2021-03-16 18:39:33.207760,0.4072266
2021-03-16 18:39:33.223390,0.1948547
2021-03-16 18:39:33.239020,0.100647
2021-03-16 18:39:33.254640,0.113678
2021-03-16 18:39:33.270270,0.1829224
2021-03-16 18:39:33.285890,0.237793
2021-03-16 18:39:33.301520,0.216095
2021-03-16 18:39:33.317140,0.1011963
2021-03-16 18:39:33.332770,-0.0786438
2021-03-16 18:39:33.348400,-0.2632446
2021-03-16 18:39:33.364020,-0.388916
2021-03-16 18:39:33.379650,-0.4304504
2021-03-16 18:39:33.395270,-0.4198303
2021-03-16 18:39:33.410900,-0.4217529
2021-03-16 18:39:33.426520,-0.5060425
2021-03-16 18:39:33.442150,-0.7007446
2021-03-16 18:39:33.457780,-0.9718933
2021-03-16 18:39:33.473400,-1.214508
2021-03-16 18:39:33.489030,-1.320007
2021-03-16 18:39:33.504650,-1.212402
2021-03-16 18:39:33.520280,-0.8850708
2021-03-16 18:39:33.535900,-0.4098816
2021-03-16 18:39:33.551530,0.1021729
2021-03-16 18:39:33.567160,0.546875
2021-03-16 18:39:33.582780,0.8621216
2021-03-16 18:39:33.598410,1.049225
2021-03-16 18:39:33.614030,1.138947
2021-03-16 18:39:33.629660,1.153076
2021-03-16 18:39:33.645280,1.08493
2021-03-16 18:39:33.660910,0.9194031
2021-03-16 18:39:33.676540,0.6581726
2021-03-16 18:39:33.692160,0.3399353
2021-03-16 18:39:33.707790,0.03164673
2021-03-16 18:39:33.723410,-0.2128296
2021-03-16 18:39:33.739040,-0.3693848
2021-03-16 18:39:33.754660,-0.4676208
2021-03-16 18:39:33.770290,-0.5539856
2021-03-16 18:39:33.785920,-0.6507874
2021-03-16 18:39:33.801540,-0.7210999
2021-03-16 18:39:33.817170,-0.6930542
2021-03-16 18:39:33.832790,-0.509552
2021-03-16 18:39:33.848420,-0.1663208
2021-03-16 18:39:33.864040,0.2518311
2021-03-16 18:39:33.879670,0.6133728
2021-03-16 18:39:33.895300,0.7889099
2021-03-16 18:39:33.910920,0.7058716
2021-03-16 18:39:33.926550,0.3807373
2021-03-16 18:39:33.942170,-0.09786987
2021-03-16 18:39:33.957800,-0.5989685
2021-03-16 18:39:33.973420,-0.9813232
2021-03-16 18:39:33.989050,-1.140167
2021-03-16 18:39:34.004680,-1.045197
2021-03-16 18:39:34.020300,-0.7461853
2021-03-16 18:39:34.035930,-0.3579102
2021-03-16 18:39:34.051550,-0.004821777
2021-03-16 18:39:34.067180,0.2364502
2021-03-16 18:39:34.082800,0.3605957
2021-03-16 18:39:34.098430,0.4014587
2021-03-16 18:39:34.114060,0.4067078
2021-03-16 18:39:34.129680,0.3964539
2021-03-16 18:39:34.145310,0.3480835
2021-03-16 18:39:34.160930,0.2298279
2021-03-16 18:39:34.176560,0.05581665
2021-03-16 18:39:34.192180,-0.1174927
2021-03-16 18:39:34.207810,-0.2041321
2021-03-16 18:39:34.223440,-0.1407776
2021-03-16 18:39:34.239060,0.05297852
2021-03-16 18:39:34.254690,0.2841492
2021-03-16 18:39:34.270310,0.4258728
2021-03-16 18:39:34.285940,0.3684387
2021-03-16 18:39:34.301560,0.09289551
2021-03-16 18:39:34.317190,-0.3182678
2021-03-16 18:39:34.332820,-0.7210999
2021-03-16 18:39:34.348440,-0.9542847
2021-03-16 18:39:34.364070,-0.9194031
2021-03-16 18:39:34.379690,-0.6118164
2021-03-16 18:39:34.395320,-0.1320801
2021-03-16 18:39:34.410940,0.3526611
2021-03-16 18:39:34.426570,0.6820068
2021-03-16 18:39:34.442200,0.775177
2021-03-16 18:39:34.457820,0.6580505
2021-03-16 18:39:34.473450,0.430481
2021-03-16 18:39:34.489070,0.1973267
2021-03-16 18:39:34.504700,0.01327515
2021-03-16 18:39:34.520320,-0.1453552
2021-03-16 18:39:34.535950,-0.3313904
2021-03-16 18:39:34.551580,-0.577179
2021-03-16 18:39:34.567200,-0.8486328
2021-03-16 18:39:34.582830,-1.042816
2021-03-16 18:39:34.598450,-1.054382
2021-03-16 18:39:34.614080,-0.8378906
2021-03-16 18:39:34.629700,-0.4248047
2021-03-16 18:39:34.645330,0.08401489
2021-03-16 18:39:34.660960,0.5600281
2021-03-16 18:39:34.676580,0.9085693
2021-03-16 18:39:34.692210,1.077881
2021-03-16 18:39:34.707830,1.064606
2021-03-16 18:39:34.723460,0.919342
2021-03-16 18:39:34.739080,0.7058411
2021-03-16 18:39:34.754710,0.4967651
2021-03-16 18:39:34.770340,0.3646851
2021-03-16 18:39:34.785960,0.3397827
2021-03-16 18:39:34.801590,0.4118652
2021-03-16 18:39:34.817210,0.5417175
2021-03-16 18:39:34.832840,0.6686096
2021-03-16 18:39:34.848460,0.7438354
2021-03-16 18:39:34.864090,0.7374878
2021-03-16 18:39:34.879720,0.6462402
2021-03-16 18:39:34.895340,0.4867859
2021-03-16 18:39:34.910970,0.2993164
2021-03-16 18:39:34.926590,0.1236572
2021-03-16 18:39:34.942220,0.0004272461
2021-03-16 18:39:34.957840,-0.05389404
2021-03-16 18:39:34.973470,-0.05200195
2021-03-16 18:39:34.989100,-0.0291748
2021-03-16 18:39:35.004720,-0.0218811
2021-03-16 18:39:35.020350,-0.04977417
2021-03-16 18:39:35.035970,-0.09466553
2021-03-16 18:39:35.051600,-0.1260986
2021-03-16 18:39:35.067220,-0.1249084
2021-03-16 18:39:35.082850,-0.09222412
2021-03-16 18:39:35.098480,-0.04577637
2021-03-16 18:39:35.114100,-0.002746582
2021-03-16 18:39:35.129730,0.02905273
2021-03-16 18:39:35.145350,0.04690552
2021-03-16 18:39:35.160980,0.04016113
2021-03-16 18:39:35.176600,-0.01000977
2021-03-16 18:39:35.192230,-0.1255188
2021-03-16 18:39:35.207860,-0.3049011
2021-03-16 18:39:35.223480,-0.5010376
2021-03-16 18:39:35.239110,-0.6317749
2021-03-16 18:39:35.254730,-0.6219788
2021-03-16 18:39:35.270360,-0.4420471
2021-03-16 18:39:35.285980,-0.1413879
2021-03-16 18:39:35.301610,0.1648254
2021-03-16 18:39:35.332860,0.2788086
2021-03-16 18:39:35.348490,-0.001159668
2021-03-16 18:39:35.364110,-0.3959045
2021-03-16 18:39:35.379740,-0.746582
2021-03-16 18:39:35.395370,-0.9134521
2021-03-16 18:39:35.410990,-0.8363037
2021-03-16 18:39:35.426620,-0.5499878
2021-03-16 18:39:35.442240,-0.160553
2021-03-16 18:39:35.457870,0.2142944
2021-03-16 18:39:35.473490,0.5009155
2021-03-16 18:39:35.489120,0.690094
2021-03-16 18:39:35.504750,0.8087769
2021-03-16 18:39:35.520370,0.8868408
2021-03-16 18:39:35.536000,0.9350891
2021-03-16 18:39:35.551620,0.9371643
2021-03-16 18:39:35.567250,0.8833313
2021-03-16 18:39:35.582870,0.7854004
2021-03-16 18:39:35.598500,0.6777344
2021-03-16 18:39:35.614130,0.6062622
2021-03-16 18:39:35.629750,0.5830688
2021-03-16 18:39:35.645380,0.5873718
2021-03-16 18:39:35.661000,0.5547791
2021-03-16 18:39:35.676630,0.4268799
2021-03-16 18:39:35.692250,0.1838074
2021-03-16 18:39:35.707880,-0.1219482
2021-03-16 18:39:35.723510,-0.3761902
2021-03-16 18:39:35.739130,-0.4637756
2021-03-16 18:39:35.754760,-0.3303833
2021-03-16 18:39:35.770380,-0.03918457
2021-03-16 18:39:35.786010,0.2691345
2021-03-16 18:39:35.801630,0.4482117
2021-03-16 18:39:35.817260,0.4184875
2021-03-16 18:39:35.832890,0.2366028
2021-03-16 18:39:35.848510,0.02124023
2021-03-16 18:39:35.864140,-0.09628296
2021-03-16 18:39:35.879760,-0.06411743
2021-03-16 18:39:35.895390,0.08206177
2021-03-16 18:39:35.911010,0.2475891
2021-03-16 18:39:35.926640,0.3714294
2021-03-16 18:39:35.942270,0.4550171
2021-03-16 18:39:35.957890,0.5539551
2021-03-16 18:39:35.973520,0.7294922
2021-03-16 18:39:35.989140,0.9868774
2021-03-16 18:39:36.004770,1.242584
2021-03-16 18:39:36.020390,1.364899
2021-03-16 18:39:36.036020,1.238159
2021-03-16 18:39:36.051650,0.8329163
2021-03-16 18:39:36.067270,0.2545166
2021-03-16 18:39:36.082900,-0.3059998
2021-03-16 18:39:36.098520,-0.6514893
2021-03-16 18:39:36.114150,-0.6641541
2021-03-16 18:39:36.129770,-0.3801575
2021-03-16 18:39:36.145400,0.04904175
2021-03-16 18:39:36.161030,0.4219666
2021-03-16 18:39:36.176650,0.5997925
2021-03-16 18:39:36.192280,0.5439758
2021-03-16 18:39:36.207900,0.3265686
2021-03-16 18:39:36.223530,0.06356812
2021-03-16 18:39:36.239150,-0.1521301
2021-03-16 18:39:36.254780,-0.2889709
2021-03-16 18:39:36.270410,-0.3766174
2021-03-16 18:39:36.286030,-0.4573364
2021-03-16 18:39:36.301660,-0.5606384
2021-03-16 18:39:36.317280,-0.6835327
2021-03-16 18:39:36.332910,-0.7923584
2021-03-16 18:39:36.348530,-0.8610535
2021-03-16 18:39:36.364160,-0.877533
2021-03-16 18:39:36.379790,-0.8495789
2021-03-16 18:39:36.395410,-0.7902222
2021-03-16 18:39:36.411040,-0.7234497
2021-03-16 18:39:36.426660,-0.6617432
2021-03-16 18:39:36.442290,-0.6107178
2021-03-16 18:39:36.457910,-0.5700684
2021-03-16 18:39:36.473540,-0.5433655
2021-03-16 18:39:36.489170,-0.5163879
2021-03-16 18:39:36.504790,-0.4759521
2021-03-16 18:39:36.520420,-0.4009094
2021-03-16 18:39:36.536040,-0.2792053
2021-03-16 18:39:36.551670,-0.1220703
2021-03-16 18:39:36.567290,0.05072021
2021-03-16 18:39:36.582920,0.1998901
2021-03-16 18:39:36.598550,0.2886353
2021-03-16 18:39:36.614170,0.3048096
2021-03-16 18:39:36.629800,0.2683411
2021-03-16 18:39:36.645420,0.2076721
2021-03-16 18:39:36.661050,0.1423035
2021-03-16 18:39:36.676670,0.06982422
2021-03-16 18:39:36.692300,-0.0267334
2021-03-16 18:39:36.707930,-0.1533508
2021-03-16 18:39:36.723550,-0.294281
2021-03-16 18:39:36.739180,-0.4164734
2021-03-16 18:39:36.754800,-0.4920959
2021-03-16 18:39:36.770430,-0.5230408
2021-03-16 18:39:36.786050,-0.5421143
2021-03-16 18:39:36.801680,-0.5832214
2021-03-16 18:39:36.817310,-0.651947
2021-03-16 18:39:36.832930,-0.7079468
2021-03-16 18:39:36.848560,-0.6877441
2021-03-16 18:39:36.864180,-0.535614
2021-03-16 18:39:36.879810,-0.2529907
2021-03-16 18:39:36.895430,0.09494019
2021-03-16 18:39:36.911060,0.3901367
2021-03-16 18:39:36.926690,0.5280457
2021-03-16 18:39:36.942310,0.4601746
2021-03-16 18:39:36.957940,0.2296143
2021-03-16 18:39:36.973560,-0.07052612
2021-03-16 18:39:36.989190,-0.3344116
2021-03-16 18:39:37.004810,-0.5108643
2021-03-16 18:39:37.020440,-0.607666
2021-03-16 18:39:37.036070,-0.6651917
2021-03-16 18:39:37.051690,-0.7261963
2021-03-16 18:39:37.067320,-0.7839966
2021-03-16 18:39:37.082940,-0.7793274
2021-03-16 18:39:37.098570,-0.6374817
2021-03-16 18:39:37.114190,-0.3352356
2021-03-16 18:39:37.129820,0.08074951
2021-03-16 18:39:37.145450,0.4929199
2021-03-16 18:39:37.161070,0.7614136
2021-03-16 18:39:37.176700,0.8103638
2021-03-16 18:39:37.192320,0.6500244
2021-03-16 18:39:37.207950,0.3878174
2021-03-16 18:39:37.223570,0.1593018
2021-03-16 18:39:37.239200,0.04263306
2021-03-16 18:39:37.254830,0.02557373
2021-03-16 18:39:37.270450,0.021698
2021-03-16 18:39:37.286080,-0.06536865
2021-03-16 18:39:37.301700,-0.2612305
2021-03-16 18:39:37.317330,-0.4821777
2021-03-16 18:39:37.332950,-0.588562
2021-03-16 18:39:37.348580,-0.4718323
2021-03-16 18:39:37.364210,-0.1340942
2021-03-16 18:39:37.379830,0.2944641
2021-03-16 18:39:37.395460,0.6278992
2021-03-16 18:39:37.411080,0.7120056
2021-03-16 18:39:37.426710,0.5357056
2021-03-16 18:39:37.442330,0.214386
2021-03-16 18:39:37.457960,-0.06735229
2021-03-16 18:39:37.473590,-0.1683044
2021-03-16 18:39:37.504840,0.1757202
2021-03-16 18:39:37.520460,0.3759155
2021-03-16 18:39:37.536090,0.4346313
2021-03-16 18:39:37.551710,0.3399353
2021-03-16 18:39:37.567340,0.1598511
2021-03-16 18:39:37.582970,-0.0004882813
2021-03-16 18:39:37.598590,-0.0696106
2021-03-16 18:39:37.614220,-0.05566406
2021-03-16 18:39:37.629840,-0.02001953
2021-03-16 18:39:37.645470,-0.04577637
2021-03-16 18:39:37.661090,-0.1962891
2021-03-16 18:39:37.676720,-0.447876
2021-03-16 18:39:37.692350,-0.7368469
2021-03-16 18:39:37.707970,-0.9615784
2021-03-16 18:39:37.723600,-1.053864
2021-03-16 18:39:37.739220,-1.001251
2021-03-16 18:39:37.754850,-0.8531189
2021-03-16 18:39:37.770470,-0.6842957
2021-03-16 18:39:37.786100,-0.5545349
2021-03-16 18:39:37.801730,-0.4824524
2021-03-16 18:39:37.817350,-0.4289246
2021-03-16 18:39:37.832980,-0.338623
2021-03-16 18:39:37.848600,-0.1764526
2021-03-16 18:39:37.864230,0.03598022
2021-03-16 18:39:37.879860,0.2345581
2021-03-16 18:39:37.895480,0.3490295
2021-03-16 18:39:37.911110,0.3466797
2021-03-16 18:39:37.926730,0.261261
2021-03-16 18:39:37.942360,0.1677551
2021-03-16 18:39:37.957980,0.1427002
2021-03-16 18:39:37.973610,0.2113037
2021-03-16 18:39:37.989240,0.3450317
2021-03-16 18:39:38.004860,0.4872131
2021-03-16 18:39:38.020490,0.5796204
2021-03-16 18:39:38.036110,0.592041
2021-03-16 18:39:38.051740,0.5340881
2021-03-16 18:39:38.067360,0.4452515
2021-03-16 18:39:38.082990,0.3644409
2021-03-16 18:39:38.098620,0.3274536
2021-03-16 18:39:38.114240,0.3295593
2021-03-16 18:39:38.129870,0.3361206
2021-03-16 18:39:38.145490,0.3023376
2021-03-16 18:39:38.161120,0.1877441
2021-03-16 18:39:38.176740,0.0007629395
2021-03-16 18:39:38.192370,-0.2059631
2021-03-16 18:39:38.208000,-0.3337708
2021-03-16 18:39:38.223620,-0.3181763
2021-03-16 18:39:38.239250,-0.1534729
2021-03-16 18:39:38.254870,0.08258057
2021-03-16 18:39:38.270500,0.2704468
2021-03-16 18:39:38.286120,0.3059082
2021-03-16 18:39:38.301750,0.1629639
2021-03-16 18:39:38.317380,-0.09204102
2021-03-16 18:39:38.333000,-0.3449707
2021-03-16 18:39:38.348630,-0.5014954
2021-03-16 18:39:38.364250,-0.536438
2021-03-16 18:39:38.379880,-0.4959717
2021-03-16 18:39:38.395500,-0.4511414
2021-03-16 18:39:38.411130,-0.453125
2021-03-16 18:39:38.426760,-0.5006714
2021-03-16 18:39:38.442380,-0.5555725
2021-03-16 18:39:38.458010,-0.5751953
2021-03-16 18:39:38.473630,-0.530304
2021-03-16 18:39:38.489260,-0.4362183
2021-03-16 18:39:38.504880,-0.314209
2021-03-16 18:39:38.520510,-0.1861877
2021-03-16 18:39:38.536140,-0.06433105
2021-03-16 18:39:38.551760,0.03125
2021-03-16 18:39:38.567390,0.08651733
2021-03-16 18:39:38.583010,0.07562256
2021-03-16 18:39:38.598640,-0.008911133
2021-03-16 18:39:38.614260,-0.1561279
2021-03-16 18:39:38.629890,-0.3540039
2021-03-16 18:39:38.645520,-0.5929871
2021-03-16 18:39:38.661140,-0.8702698
2021-03-16 18:39:38.676770,-1.182373
2021-03-16 18:39:38.692390,-1.504852
2021-03-16 18:39:38.708020,-1.765198
2021-03-16 18:39:38.723640,-1.864075
2021-03-16 18:39:38.739270,-1.719208
2021-03-16 18:39:38.754900,-1.317078
2021-03-16 18:39:38.770520,-0.7601013
2021-03-16 18:39:38.786150,-0.2277832
2021-03-16 18:39:38.801770,0.08584595
2021-03-16 18:39:38.817400,0.07623291
2021-03-16 18:39:38.833020,-0.2196045
2021-03-16 18:39:38.848650,-0.6416931
2021-03-16 18:39:38.864280,-0.990387
2021-03-16 18:39:38.879900,-1.131744
2021-03-16 18:39:38.895530,-1.030762
2021-03-16 18:39:38.911150,-0.7478943
2021-03-16 18:39:38.926780,-0.3743896
2021-03-16 18:39:38.942400,0.01486206
2021-03-16 18:39:38.958030,0.3605347
2021-03-16 18:39:38.973660,0.6169739
2021-03-16 18:39:38.989280,0.723175
2021-03-16 18:39:39.004910,0.6118774
2021-03-16 18:39:39.020530,0.2687988
2021-03-16 18:39:39.036160,-0.2080383
2021-03-16 18:39:39.051780,-0.6323853
2021-03-16 18:39:39.067410,-0.7798462
2021-03-16 18:39:39.083040,-0.5213623
2021-03-16 18:39:39.098660,0.08981323
2021-03-16 18:39:39.114290,0.8339844
2021-03-16 18:39:39.129910,1.427704
2021-03-16 18:39:39.145540,1.672913
2021-03-16 18:39:39.161160,1.538086
2021-03-16 18:39:39.176790,1.181824
2021-03-16 18:39:39.192420,0.8299561
2021-03-16 18:39:39.208040,0.6625061
2021-03-16 18:39:39.223670,0.7470093
2021-03-16 18:39:39.239290,1.023956
2021-03-16 18:39:39.254920,1.373138
2021-03-16 18:39:39.270540,1.670593
2021-03-16 18:39:39.286170,1.83786
2021-03-16 18:39:39.301800,1.834473
2021-03-16 18:39:39.317420,1.662292
2021-03-16 18:39:39.333050,1.335327
2021-03-16 18:39:39.348670,0.911438
2021-03-16 18:39:39.364300,0.4883118
2021-03-16 18:39:39.379920,0.1733398
2021-03-16 18:39:39.395550,0.04837036
2021-03-16 18:39:39.411180,0.1234436
2021-03-16 18:39:39.426800,0.3204956
2021-03-16 18:39:39.442430,0.5151978
2021-03-16 18:39:39.458050,0.6069946
2021-03-16 18:39:39.473680,0.5518494
2021-03-16 18:39:39.489300,0.38797
2021-03-16 18:39:39.504930,0.1809998
2021-03-16 18:39:39.520560,-0.01452637
2021-03-16 18:39:39.536180,-0.16922
2021-03-16 18:39:39.551810,-0.2825928
2021-03-16 18:39:39.567430,-0.3475342
2021-03-16 18:39:39.583060,-0.3446655
2021-03-16 18:39:39.598680,-0.2576904
2021-03-16 18:39:39.614310,-0.09567261
2021-03-16 18:39:39.629940,0.1037598
2021-03-16 18:39:39.645560,0.2818909
2021-03-16 18:39:39.661190,0.3713989
2021-03-16 18:39:39.676810,0.3478699
2021-03-16 18:39:39.692440,0.2315369
2021-03-16 18:39:39.708060,0.07797241
2021-03-16 18:39:39.739320,-0.0592041
2021-03-16 18:39:39.754940,0.05404663
2021-03-16 18:39:39.770570,0.2834473
2021-03-16 18:39:39.786190,0.5538025
2021-03-16 18:39:39.801820,0.7587585
2021-03-16 18:39:39.817440,0.807251
2021-03-16 18:39:39.833070,0.6633301
2021-03-16 18:39:39.848700,0.377655
2021-03-16 18:39:39.864320,0.06375122
2021-03-16 18:39:39.879950,-0.1583557
2021-03-16 18:39:39.895570,-0.2348938
2021-03-16 18:39:39.911200,-0.180542
2021-03-16 18:39:39.926820,-0.07669067
2021-03-16 18:39:39.942450,-0.006744385
2021-03-16 18:39:39.958080,-0.01055908
2021-03-16 18:39:39.973700,-0.074646
2021-03-16 18:39:39.989330,-0.1641541
2021-03-16 18:39:40.004950,-0.2637939
2021-03-16 18:39:40.020580,-0.3657227
2021-03-16 18:39:40.036200,-0.4734497
2021-03-16 18:39:40.051830,-0.5550842
2021-03-16 18:39:40.067460,-0.5626831
2021-03-16 18:39:40.083080,-0.4545593
2021-03-16 18:39:40.098710,-0.2476807
2021-03-16 18:39:40.114330,-0.03363037
2021-03-16 18:39:40.129960,0.08163452
2021-03-16 18:39:40.145590,0.01727295
2021-03-16 18:39:40.161210,-0.223053
2021-03-16 18:39:40.176840,-0.5513
2021-03-16 18:39:40.192460,-0.8374023
2021-03-16 18:39:40.208090,-0.9683838
2021-03-16 18:39:40.223710,-0.9011841
2021-03-16 18:39:40.239340,-0.6716919
2021-03-16 18:39:40.254970,-0.3797302
2021-03-16 18:39:40.270590,-0.1223755
2021-03-16 18:39:40.286220,0.02670288
2021-03-16 18:39:40.301840,0.05316162
2021-03-16 18:39:40.317470,-0.003295898
2021-03-16 18:39:40.333090,-0.06201172
2021-03-16 18:39:40.348720,-0.05899048
2021-03-16 18:39:40.364350,0.03643799
2021-03-16 18:39:40.379970,0.207428
2021-03-16 18:39:40.395600,0.3884888
2021-03-16 18:39:40.411220,0.5353088
2021-03-16 18:39:40.426850,0.626709
2021-03-16 18:39:40.442470,0.6690063
2021-03-16 18:39:40.458100,0.6606445
2021-03-16 18:39:40.473730,0.5846252
2021-03-16 18:39:40.489350,0.4267273
2021-03-16 18:39:40.504980,0.1990967
2021-03-16 18:39:40.520600,-0.02218628
2021-03-16 18:39:40.536230,-0.15448
2021-03-16 18:39:40.551850,-0.1400146
2021-03-16 18:39:40.567480,-0.02108765
2021-03-16 18:39:40.583110,0.09918213
2021-03-16 18:39:40.598730,0.1117554
2021-03-16 18:39:40.614360,-0.02319336
2021-03-16 18:39:40.629980,-0.2200623
2021-03-16 18:39:40.645610,-0.336731
2021-03-16 18:39:40.661230,-0.2503967
2021-03-16 18:39:40.676860,0.05224609
2021-03-16 18:39:40.692490,0.4608154
2021-03-16 18:39:40.708110,0.8222656
2021-03-16 18:39:40.723740,1.03183
2021-03-16 18:39:40.739360,1.070557
2021-03-16 18:39:40.754990,0.9936218
2021-03-16 18:39:40.770610,0.8639832
2021-03-16 18:39:40.786240,0.7003784
2021-03-16 18:39:40.801870,0.4874573
2021-03-16 18:39:40.817490,0.1955872
2021-03-16 18:39:40.833120,-0.159729
2021-03-16 18:39:40.848740,-0.5333557
2021-03-16 18:39:40.864370,-0.8610535
2021-03-16 18:39:40.879990,-1.096893
2021-03-16 18:39:40.895620,-1.236389
2021-03-16 18:39:40.911250,-1.296661
2021-03-16 18:39:40.926870,-1.309814
2021-03-16 18:39:40.942500,-1.271881
2021-03-16 18:39:40.958120,-1.156433
2021-03-16 18:39:40.973750,-0.9374084
2021-03-16 18:39:40.989370,-0.6090393
2021-03-16 18:39:41.005000,-0.2189331
2021-03-16 18:39:41.020630,0.1477966
2021-03-16 18:39:41.036250,0.3968811
2021-03-16 18:39:41.051880,0.4841309
2021-03-16 18:39:41.067500,0.3925171
2021-03-16 18:39:41.083130,0.1698608
2021-03-16 18:39:41.098750,-0.107605
2021-03-16 18:39:41.114380,-0.3550415
2021-03-16 18:39:41.130010,-0.4940796
2021-03-16 18:39:41.145630,-0.471344
2021-03-16 18:39:41.161260,-0.2695618
2021-03-16 18:39:41.176880,0.074646
2021-03-16 18:39:41.192510,0.4873657
2021-03-16 18:39:41.208130,0.8581238
2021-03-16 18:39:41.223760,1.082397
2021-03-16 18:39:41.239390,1.09024
2021-03-16 18:39:41.255010,0.8855286
2021-03-16 18:39:41.270640,0.5615845
2021-03-16 18:39:41.286260,0.2602234
2021-03-16 18:39:41.301890,0.1017456
2021-03-16 18:39:41.317510,0.109436
2021-03-16 18:39:41.333140,0.2136841
2021-03-16 18:39:41.348770,0.286377
2021-03-16 18:39:41.364390,0.2401123
2021-03-16 18:39:41.380020,0.07226563
2021-03-16 18:39:41.395640,-0.1346436
2021-03-16 18:39:41.411270,-0.2690735
2021-03-16 18:39:41.426890,-0.2864075
2021-03-16 18:39:41.442520,-0.2255554
2021-03-16 18:39:41.458150,-0.190094
2021-03-16 18:39:41.473770,-0.269928
2021-03-16 18:39:41.489400,-0.4725647
2021-03-16 18:39:41.505020,-0.7042847
2021-03-16 18:39:41.520650,-0.8425293
2021-03-16 18:39:41.536270,-0.8075256
2021-03-16 18:39:41.551900,-0.6094055
2021-03-16 18:39:41.567530,-0.3516541
2021-03-16 18:39:41.583150,-0.1606445
2021-03-16 18:39:41.598780,-0.09902954
2021-03-16 18:39:41.614400,-0.1378174
2021-03-16 18:39:41.630030,-0.2018433
2021-03-16 18:39:41.645650,-0.2037048
2021-03-16 18:39:41.661280,-0.09667969
2021-03-16 18:39:41.676910,0.1002197
2021-03-16 18:39:41.692530,0.3291321
2021-03-16 18:39:41.708160,0.5282898
2021-03-16 18:39:41.723780,0.6615601
2021-03-16 18:39:41.739410,0.7276917
2021-03-16 18:39:41.755030,0.7437439
2021-03-16 18:39:41.770660,0.7363586
2021-03-16 18:39:41.786290,0.7319641
2021-03-16 18:39:41.801910,0.7376099
2021-03-16 18:39:41.817540,0.7301331
2021-03-16 18:39:41.833160,0.6829529
2021-03-16 18:39:41.848790,0.5686646
2021-03-16 18:39:41.864410,0.3812561
2021-03-16 18:39:41.880040,0.1593323
2021-03-16 18:39:41.895670,-0.04025269
2021-03-16 18:39:41.911290,-0.1704102
2021-03-16 18:39:41.926920,-0.21698
2021-03-16 18:39:41.942540,-0.2218323
2021-03-16 18:39:41.958170,-0.2381897
2021-03-16 18:39:41.973790,-0.3012695
2021-03-16 18:39:41.989420,-0.4125366
2021-03-16 18:39:42.005050,-0.5316772
2021-03-16 18:39:42.020670,-0.6188354
2021-03-16 18:39:42.036300,-0.6609192
2021-03-16 18:39:42.051920,-0.6813354
2021-03-16 18:39:42.067550,-0.697937
2021-03-16 18:39:42.083170,-0.7191162
2021-03-16 18:39:42.098800,-0.7240295
2021-03-16 18:39:42.114430,-0.6806335
2021-03-16 18:39:42.130050,-0.5792847
2021-03-16 18:39:42.145680,-0.4430542
2021-03-16 18:39:42.161300,-0.2877197
2021-03-16 18:39:42.176930,-0.1109619
2021-03-16 18:39:42.192550,0.1056519
2021-03-16 18:39:42.208180,0.3739319
2021-03-16 18:39:42.223810,0.6665039
2021-03-16 18:39:42.239430,0.9133606
2021-03-16 18:39:42.255060,1.042023
2021-03-16 18:39:42.270680,1.002502
2021-03-16 18:39:42.286310,0.8207092
2021-03-16 18:39:42.301930,0.5751343
2021-03-16 18:39:42.317560,0.3321533
2021-03-16 18:39:42.333190,0.1327515
2021-03-16 18:39:42.348810,-0.02972412
2021-03-16 18:39:42.364440,-0.1913452
2021-03-16 18:39:42.380060,-0.3641968
2021-03-16 18:39:42.395690,-0.5151978
2021-03-16 18:39:42.411310,-0.5932312
2021-03-16 18:39:42.426940,-0.5470276
2021-03-16 18:39:42.442570,-0.3863831
2021-03-16 18:39:42.458190,-0.1567383
2021-03-16 18:39:42.473820,0.08880615
2021-03-16 18:39:42.489440,0.3164978
2021-03-16 18:39:42.505070,0.5231628
2021-03-16 18:39:42.520690,0.7190552
2021-03-16 18:39:42.536320,0.9035034
2021-03-16 18:39:42.551950,1.02655
2021-03-16 18:39:42.567570,1.029358
2021-03-16 18:39:42.583200,0.8670044
2021-03-16 18:39:42.598820,0.5576172
2021-03-16 18:39:42.614450,0.190918
2021-03-16 18:39:42.630070,-0.1079712
2021-03-16 18:39:42.645700,-0.2446899
2021-03-16 18:39:42.661330,-0.2000732
2021-03-16 18:39:42.676950,-0.03564453
2021-03-16 18:39:42.692580,0.1362305
2021-03-16 18:39:42.708200,0.2242432
2021-03-16 18:39:42.723830,0.1745605
2021-03-16 18:39:42.739460,-0.01037598
2021-03-16 18:39:42.755080,-0.2866211
2021-03-16 18:39:42.770710,-0.6170349
2021-03-16 18:39:42.786330,-0.9530945
2021-03-16 18:39:42.801960,-1.240204
2021-03-16 18:39:42.817580,-1.40979
2021-03-16 18:39:42.833210,-1.396301
2021-03-16 18:39:42.848840,-1.17337
2021-03-16 18:39:42.864460,-0.7809448
2021-03-16 18:39:42.880090,-0.3242188
2021-03-16 18:39:42.895710,0.07070923
2021-03-16 18:39:42.911340,0.3093262
2021-03-16 18:39:42.926960,0.3780518
2021-03-16 18:39:42.942590,0.3310547
2021-03-16 18:39:42.958220,0.2390137
2021-03-16 18:39:42.973840,0.1643982
2021-03-16 18:39:42.989470,0.1252747
2021-03-16 18:39:43.005090,0.1193237
2021-03-16 18:39:43.020720,0.1516724
2021-03-16 18:39:43.036340,0.2480164
2021-03-16 18:39:43.051970,0.4281311
2021-03-16 18:39:43.067600,0.6898804
2021-03-16 18:39:43.083220,0.9850769
2021-03-16 18:39:43.098850,1.227753
2021-03-16 18:39:43.114470,1.333252
2021-03-16 18:39:43.130100,1.237732
2021-03-16 18:39:43.145720,0.9417419
2021-03-16 18:39:43.161350,0.5014343
2021-03-16 18:39:43.176980,0.02752686
2021-03-16 18:39:43.192600,-0.3707581
2021-03-16 18:39:43.208230,-0.5983276
2021-03-16 18:39:43.223850,-0.6307068
2021-03-16 18:39:43.239480,-0.5047302
2021-03-16 18:39:43.255100,-0.2946472
2021-03-16 18:39:43.270730,-0.0987854
2021-03-16 18:39:43.286360,0.008056641
2021-03-16 18:39:43.301980,-0.00680542
2021-03-16 18:39:43.317610,-0.1371765
2021-03-16 18:39:43.333230,-0.3479004
2021-03-16 18:39:43.348860,-0.5863342
2021-03-16 18:39:43.364480,-0.8046875
2021-03-16 18:39:43.380110,-0.9548035
2021-03-16 18:39:43.395740,-0.9989624
2021-03-16 18:39:43.411360,-0.915802
2021-03-16 18:39:43.426990,-0.7178345
2021-03-16 18:39:43.442610,-0.4569092
2021-03-16 18:39:43.458240,-0.2286987
2021-03-16 18:39:43.473860,-0.1167297
2021-03-16 18:39:43.489490,-0.1504211
2021-03-16 18:39:43.505120,-0.2911072
2021-03-16 18:39:43.520740,-0.4307861
2021-03-16 18:39:43.536370,-0.4583435
2021-03-16 18:39:43.551990,-0.3042908
2021-03-16 18:39:43.567620,0.01296997
2021-03-16 18:39:43.583240,0.4002075
2021-03-16 18:39:43.598870,0.7286987
2021-03-16 18:39:43.614500,0.9054565
2021-03-16 18:39:43.630120,0.9007263
2021-03-16 18:39:43.645750,0.7575378
2021-03-16 18:39:43.661370,0.556366
2021-03-16 18:39:43.677000,0.3700867
2021-03-16 18:39:43.692620,0.259552
2021-03-16 18:39:43.708250,0.2678528
2021-03-16 18:39:43.723880,0.4199829
2021-03-16 18:39:43.739500,0.7058105
2021-03-16 18:39:43.755130,1.074951
2021-03-16 18:39:43.770750,1.421082
2021-03-16 18:39:43.786380,1.616272
2021-03-16 18:39:43.802000,1.578735
2021-03-16 18:39:43.817630,1.309448
2021-03-16 18:39:43.833260,0.9086304
2021-03-16 18:39:43.848880,0.506134
2021-03-16 18:39:43.864510,0.207489
2021-03-16 18:39:43.880130,0.02783203
2021-03-16 18:39:43.895760,-0.09918213
2021-03-16 18:39:43.911380,-0.265564
2021-03-16 18:39:43.927010,-0.5219727
2021-03-16 18:39:43.942640,-0.8227234
2021-03-16 18:39:43.958260,-1.059082
2021-03-16 18:39:43.973890,-1.141968
2021-03-16 18:39:43.989510,-1.064545
2021-03-16 18:39:44.005140,-0.917572
2021-03-16 18:39:44.020760,-0.8262939
2021-03-16 18:39:44.036390,-0.8618774
2021-03-16 18:39:44.052020,-0.9747925
2021-03-16 18:39:44.067640,-1.026642
2021-03-16 18:39:44.083270,-0.8835754
2021-03-16 18:39:44.098890,-0.508606
2021-03-16 18:39:44.114520,-0.019104
2021-03-16 18:39:44.130140,0.3771667
2021-03-16 18:39:44.145770,0.5020447
2021-03-16 18:39:44.161400,0.3191528
2021-03-16 18:39:44.177020,-0.05374146
2021-03-16 18:39:44.192650,-0.4103088
2021-03-16 18:39:44.208270,-0.5881348
2021-03-16 18:39:44.223900,-0.5481262
2021-03-16 18:39:44.255150,-0.2147522
2021-03-16 18:39:44.270780,-0.18927
2021-03-16 18:39:44.286400,-0.3230896
2021-03-16 18:39:44.302030,-0.5522766
2021-03-16 18:39:44.317650,-0.7728271
2021-03-16 18:39:44.333280,-0.8871765
2021-03-16 18:39:44.348900,-0.8710632
2021-03-16 18:39:44.364530,-0.7540588
2021-03-16 18:39:44.380160,-0.6071167
2021-03-16 18:39:44.395780,-0.4885254
2021-03-16 18:39:44.411410,-0.4050598
2021-03-16 18:39:44.427030,-0.3223267
2021-03-16 18:39:44.442660,-0.1983032
2021-03-16 18:39:44.458280,-0.01599121
2021-03-16 18:39:44.473910,0.1844788
2021-03-16 18:39:44.489540,0.3145142
2021-03-16 18:39:44.505160,0.2998047
2021-03-16 18:39:44.520790,0.1249084
2021-03-16 18:39:44.536410,-0.1422729
2021-03-16 18:39:44.552040,-0.3751831
2021-03-16 18:39:44.567660,-0.4636841
2021-03-16 18:39:44.583290,-0.3651123
2021-03-16 18:39:44.598920,-0.1171265
2021-03-16 18:39:44.614540,0.1799316
2021-03-16 18:39:44.630170,0.4362183
2021-03-16 18:39:44.645790,0.5906677
2021-03-16 18:39:44.661420,0.6266785
2021-03-16 18:39:44.677040,0.5525818
2021-03-16 18:39:44.692670,0.3876038
2021-03-16 18:39:44.708300,0.1425171
2021-03-16 18:39:44.723920,-0.163208
2021-03-16 18:39:44.739550,-0.4794922
2021-03-16 18:39:44.755170,-0.7263489
2021-03-16 18:39:44.770800,-0.8110046
2021-03-16 18:39:44.786420,-0.6663208
2021-03-16 18:39:44.802050,-0.2999268
2021-03-16 18:39:44.817680,0.1837769
2021-03-16 18:39:44.833300,0.6141663
2021-03-16 18:39:44.848930,0.8234558
2021-03-16 18:39:44.864550,0.7409973
2021-03-16 18:39:44.880180,0.4494019
2021-03-16 18:39:44.895800,0.1331177
2021-03-16 18:39:44.911430,-0.001678467
2021-03-16 18:39:44.927060,0.1496277
2021-03-16 18:39:44.942680,0.5206604
2021-03-16 18:39:44.958310,0.9290771
2021-03-16 18:39:44.973930,1.171234
2021-03-16 18:39:44.989560,1.127563
2021-03-16 18:39:45.005190,0.8242798
2021-03-16 18:39:45.020810,0.3936768
2021-03-16 18:39:45.036440,-0.02032471
2021-03-16 18:39:45.052060,-0.3136902
2021-03-16 18:39:45.067690,-0.4649048
2021-03-16 18:39:45.083310,-0.5076904
2021-03-16 18:39:45.098940,-0.4839478
2021-03-16 18:39:45.114570,-0.4283142
2021-03-16 18:39:45.130190,-0.3509827
2021-03-16 18:39:45.145820,-0.2565002
2021-03-16 18:39:45.161440,-0.1419983
2021-03-16 18:39:45.177070,-0.006195068
2021-03-16 18:39:45.192690,0.1509399
2021-03-16 18:39:45.208320,0.327179
2021-03-16 18:39:45.223950,0.5116882
2021-03-16 18:39:45.239570,0.6966248
2021-03-16 18:39:45.255200,0.8639526
2021-03-16 18:39:45.270820,0.9827881
2021-03-16 18:39:45.286450,1.011047
2021-03-16 18:39:45.302070,0.8961792
2021-03-16 18:39:45.317700,0.6101074
2021-03-16 18:39:45.333330,0.1768188
2021-03-16 18:39:45.348950,-0.3083496
2021-03-16 18:39:45.380200,-0.9322205
2021-03-16 18:39:45.395830,-0.912262
2021-03-16 18:39:45.411450,-0.7195129
2021-03-16 18:39:45.427080,-0.4804382
2021-03-16 18:39:45.442710,-0.3206787
2021-03-16 18:39:45.458330,-0.2761841
2021-03-16 18:39:45.473960,-0.2828369
2021-03-16 18:39:45.489580,-0.2376709
2021-03-16 18:39:45.505210,-0.07995605
2021-03-16 18:39:45.520830,0.1645508
2021-03-16 18:39:45.536460,0.3792419
2021-03-16 18:39:45.552090,0.4379578
2021-03-16 18:39:45.567710,0.3039856
2021-03-16 18:39:45.583340,0.04391479
2021-03-16 18:39:45.598960,-0.1927795
2021-03-16 18:39:45.614590,-0.2642212
2021-03-16 18:39:45.630210,-0.1262512
2021-03-16 18:39:45.645840,0.1423035
2021-03-16 18:39:45.661470,0.3959961
2021-03-16 18:39:45.677090,0.4995117
2021-03-16 18:39:45.692720,0.4073792
2021-03-16 18:39:45.708340,0.2009277
2021-03-16 18:39:45.723970,0.02243042
2021-03-16 18:39:45.739590,-0.00289917
2021-03-16 18:39:45.755220,0.1738892
2021-03-16 18:39:45.770850,0.4932861
2021-03-16 18:39:45.786470,0.830658
2021-03-16 18:39:45.802100,1.054962
2021-03-16 18:39:45.817720,1.089722
2021-03-16 18:39:45.833350,0.931488
2021-03-16 18:39:45.848970,0.6538391
2021-03-16 18:39:45.864600,0.3466187
2021-03-16 18:39:45.880230,0.08166504
2021-03-16 18:39:45.895850,-0.1049805
2021-03-16 18:39:45.911480,-0.2307739
2021-03-16 18:39:45.927100,-0.3271484
2021-03-16 18:39:45.942730,-0.4095459
2021-03-16 18:39:45.958350,-0.4629211
2021-03-16 18:39:45.973980,-0.4536438
2021-03-16 18:39:45.989610,-0.3615112
2021-03-16 18:39:46.005230,-0.2163696
2021-03-16 18:39:46.020860,-0.07858276
2021-03-16 18:39:46.036480,-0.00213623
2021-03-16 18:39:46.052110,-0.01681519
2021-03-16 18:39:46.067730,-0.1038818
2021-03-16 18:39:46.083360,-0.2294617
2021-03-16 18:39:46.098990,-0.3713989
2021-03-16 18:39:46.114610,-0.5155029
2021-03-16 18:39:46.130240,-0.6547546
2021-03-16 18:39:46.145860,-0.7592163
2021-03-16 18:39:46.161490,-0.7856445
2021-03-16 18:39:46.177110,-0.6965027
2021-03-16 18:39:46.192740,-0.5139771
2021-03-16 18:39:46.208370,-0.2937317
2021-03-16 18:39:46.223990,-0.09613037
2021-03-16 18:39:46.239620,0.04440308
2021-03-16 18:39:46.255240,0.1543579
2021-03-16 18:39:46.270870,0.2883606
2021-03-16 18:39:46.286490,0.4698486
2021-03-16 18:39:46.302120,0.6671143
2021-03-16 18:39:46.317750,0.8087769
2021-03-16 18:39:46.333370,0.8449097
2021-03-16 18:39:46.349000,0.8040466
2021-03-16 18:39:46.364620,0.7677917
2021-03-16 18:39:46.380250,0.8253479
2021-03-16 18:39:46.395870,1.009308
2021-03-16 18:39:46.411500,1.26416
2021-03-16 18:39:46.427130,1.473785
2021-03-16 18:39:46.442750,1.515625
2021-03-16 18:39:46.458380,1.314514
2021-03-16 18:39:46.474000,0.856842
2021-03-16 18:39:46.489630,0.2064209
2021-03-16 18:39:46.505250,-0.5019226
2021-03-16 18:39:46.520880,-1.100311
2021-03-16 18:39:46.536510,-1.426605
2021-03-16 18:39:46.552130,-1.39624
2021-03-16 18:39:46.567760,-1.057526
2021-03-16 18:39:46.583380,-0.5852356
2021-03-16 18:39:46.599010,-0.2154236
2021-03-16 18:39:46.614630,-0.1145935
2021-03-16 18:39:46.630260,-0.302948
2021-03-16 18:39:46.645890,-0.6279907
2021-03-16 18:39:46.661510,-0.8810425
2021-03-16 18:39:46.677140,-0.9197083
2021-03-16 18:39:46.692760,-0.7576294
2021-03-16 18:39:46.708390,-0.5395203
2021-03-16 18:39:46.724010,-0.4197998
2021-03-16 18:39:46.739640,-0.4562073
2021-03-16 18:39:46.755270,-0.5711365
2021-03-16 18:39:46.770890,-0.6104431
2021-03-16 18:39:46.786520,-0.4608765
2021-03-16 18:39:46.802140,-0.1404724
2021-03-16 18:39:46.817770,0.2267151
2021-03-16 18:39:46.833390,0.4816895
2021-03-16 18:39:46.849020,0.5393066
2021-03-16 18:39:46.864650,0.4380188
2021-03-16 18:39:46.880270,0.2984314
2021-03-16 18:39:46.895900,0.2481079
2021-03-16 18:39:46.911520,0.3296204
2021-03-16 18:39:46.927150,0.4839172
2021-03-16 18:39:46.942770,0.5896606
2021-03-16 18:39:46.958400,0.5649109
2021-03-16 18:39:46.974030,0.4112549
2021-03-16 18:39:46.989650,0.2232361
2021-03-16 18:39:47.005280,0.1457825
2021-03-16 18:39:47.020900,0.2580566
2021-03-16 18:39:47.036530,0.5350647
2021-03-16 18:39:47.052150,0.8440857
2021-03-16 18:39:47.067780,1.008118
2021-03-16 18:39:47.083410,0.8981018
2021-03-16 18:39:47.099030,0.4987488
2021-03-16 18:39:47.114660,-0.09475708
2021-03-16 18:39:47.130280,-0.7224731
2021-03-16 18:39:47.145910,-1.23175
2021-03-16 18:39:47.161540,-1.5289
2021-03-16 18:39:47.177160,-1.586365
2021-03-16 18:39:47.192790,-1.428192
2021-03-16 18:39:47.208410,-1.102051
2021-03-16 18:39:47.224040,-0.6786194
2021-03-16 18:39:47.239660,-0.2474365
2021-03-16 18:39:47.255290,0.08026123
2021-03-16 18:39:47.270920,0.2086792
2021-03-16 18:39:47.286540,0.1243591
2021-03-16 18:39:47.302170,-0.1168213
2021-03-16 18:39:47.317790,-0.3860779
2021-03-16 18:39:47.333420,-0.5606689
2021-03-16 18:39:47.349040,-0.583252
2021-03-16 18:39:47.364670,-0.4744263
2021-03-16 18:39:47.380300,-0.2980042
2021-03-16 18:39:47.395920,-0.1037598
2021-03-16 18:39:47.411550,0.08850098
2021-03-16 18:39:47.427170,0.2987976
2021-03-16 18:39:47.442800,0.5269165
2021-03-16 18:39:47.458420,0.7467041
2021-03-16 18:39:47.474050,0.8875427
2021-03-16 18:39:47.489680,0.8754578
2021-03-16 18:39:47.505300,0.6867371
2021-03-16 18:39:47.520930,0.3683777
2021-03-16 18:39:47.536550,0.0249939
2021-03-16 18:39:47.552180,-0.2347412
2021-03-16 18:39:47.583430,-0.288147
2021-03-16 18:39:47.599060,-0.15448
2021-03-16 18:39:47.614680,-0.02661133
2021-03-16 18:39:47.630310,0.02227783
2021-03-16 18:39:47.645930,-0.0375061
2021-03-16 18:39:47.661560,-0.1671143
2021-03-16 18:39:47.677180,-0.2917786
2021-03-16 18:39:47.692810,-0.3455811
2021-03-16 18:39:47.708440,-0.3181152
2021-03-16 18:39:47.724060,-0.2558594
2021-03-16 18:39:47.739690,-0.2286072
2021-03-16 18:39:47.755310,-0.2680664
2021-03-16 18:39:47.770940,-0.3490601
2021-03-16 18:39:47.786560,-0.3830261
2021-03-16 18:39:47.802190,-0.2779236
2021-03-16 18:39:47.817820,-0.01089478
2021-03-16 18:39:47.833440,0.3618469
2021-03-16 18:39:47.849070,0.7347107
2021-03-16 18:39:47.864690,0.9985657
2021-03-16 18:39:47.880320,1.108459
2021-03-16 18:39:47.895940,1.090546
2021-03-16 18:39:47.911570,1.006775
2021-03-16 18:39:47.927200,0.9165039
2021-03-16 18:39:47.942820,0.8482361
2021-03-16 18:39:47.958450,0.8005066
2021-03-16 18:39:47.974070,0.7790527
2021-03-16 18:39:47.989700,0.7862549
2021-03-16 18:39:48.005320,0.8085632
2021-03-16 18:39:48.020950,0.8132935
2021-03-16 18:39:48.036580,0.7290649
2021-03-16 18:39:48.052200,0.4993286
2021-03-16 18:39:48.067830,0.1329346
2021-03-16 18:39:48.083450,-0.294281
2021-03-16 18:39:48.099080,-0.67453
2021-03-16 18:39:48.114700,-0.9129639
2021-03-16 18:39:48.130330,-0.9758606
2021-03-16 18:39:48.145960,-0.9091492
2021-03-16 18:39:48.161580,-0.7759399
2021-03-16 18:39:48.177210,-0.6317444
2021-03-16 18:39:48.192830,-0.4858704
2021-03-16 18:39:48.208460,-0.3312378
2021-03-16 18:39:48.224080,-0.1664734
2021-03-16 18:39:48.239710,-0.01486206
2021-03-16 18:39:48.255340,0.100769
2021-03-16 18:39:48.270960,0.1678467
2021-03-16 18:39:48.286590,0.2134705
2021-03-16 18:39:48.302210,0.286499
2021-03-16 18:39:48.317840,0.4160767
2021-03-16 18:39:48.333460,0.5760498
2021-03-16 18:39:48.349090,0.7045593
2021-03-16 18:39:48.364720,0.7232361
2021-03-16 18:39:48.380340,0.5929871
2021-03-16 18:39:48.395970,0.339325
2021-03-16 18:39:48.411590,0.03018188
2021-03-16 18:39:48.427220,-0.2646179
2021-03-16 18:39:48.442840,-0.5065308
2021-03-16 18:39:48.458470,-0.699585
2021-03-16 18:39:48.474100,-0.8582458
2021-03-16 18:39:48.489720,-0.9792786
2021-03-16 18:39:48.505350,-1.032715
2021-03-16 18:39:48.520970,-0.9679565
2021-03-16 18:39:48.536600,-0.7585449
2021-03-16 18:39:48.552220,-0.4335938
2021-03-16 18:39:48.567850,-0.06317139
2021-03-16 18:39:48.583480,0.2672729
2021-03-16 18:39:48.599100,0.4884949
2021-03-16 18:39:48.614730,0.5917053
2021-03-16 18:39:48.630350,0.6040039
2021-03-16 18:39:48.645980,0.5686951
2021-03-16 18:39:48.661600,0.5148621
2021-03-16 18:39:48.677230,0.449585
2021-03-16 18:39:48.692860,0.3664551
2021-03-16 18:39:48.708480,0.2781372
2021-03-16 18:39:48.724110,0.2061157
2021-03-16 18:39:48.739730,0.1742554
2021-03-16 18:39:48.755360,0.1960754
2021-03-16 18:39:48.770980,0.252594
2021-03-16 18:39:48.786610,0.322052
2021-03-16 18:39:48.802240,0.3756714
2021-03-16 18:39:48.817860,0.3926086
2021-03-16 18:39:48.833490,0.3469543
2021-03-16 18:39:48.849110,0.2259216
2021-03-16 18:39:48.864740,0.02554321
2021-03-16 18:39:48.880360,-0.2243347
2021-03-16 18:39:48.895990,-0.459198
2021-03-16 18:39:48.911620,-0.6017456
2021-03-16 18:39:48.927240,-0.5927124
2021-03-16 18:39:48.942870,-0.4443359
2021-03-16 18:39:48.958490,-0.2223816
2021-03-16 18:39:48.974120,-0.03512573
2021-03-16 18:39:48.989740,0.05371094
2021-03-16 18:39:49.005370,0.0475769
2021-03-16 18:39:49.021000,0.01190186
2021-03-16 18:39:49.036620,0.02926636
2021-03-16 18:39:49.052250,0.1188049
2021-03-16 18:39:49.067870,0.2332153
2021-03-16 18:39:49.083500,0.275238
2021-03-16 18:39:49.099120,0.1600037
2021-03-16 18:39:49.114750,-0.1221008
2021-03-16 18:39:49.130380,-0.4833374
2021-03-16 18:39:49.146000,-0.7819214
2021-03-16 18:39:49.161630,-0.9048767
2021-03-16 18:39:49.177250,-0.8156128
2021-03-16 18:39:49.192880,-0.6008301
2021-03-16 18:39:49.208500,-0.3903198
2021-03-16 18:39:49.224130,-0.3000793
2021-03-16 18:39:49.239760,-0.3444519
2021-03-16 18:39:49.255380,-0.4429932
2021-03-16 18:39:49.271010,-0.482666
2021-03-16 18:39:49.286630,-0.3898926
2021-03-16 18:39:49.302260,-0.1969299
2021-03-16 18:39:49.317880,-3.051758e-05
2021-03-16 18:39:49.333510,0.07998657
2021-03-16 18:39:49.349140,0.003356934
2021-03-16 18:39:49.364760,-0.1819153
2021-03-16 18:39:49.380390,-0.3473816
2021-03-16 18:39:49.396010,-0.3707581
2021-03-16 18:39:49.411640,-0.2130127
2021-03-16 18:39:49.427260,0.08575439
2021-03-16 18:39:49.442890,0.4130859
2021-03-16 18:39:49.458520,0.6584778
2021-03-16 18:39:49.474140,0.7471619
2021-03-16 18:39:49.489770,0.6963806
2021-03-16 18:39:49.505390,0.5718384
2021-03-16 18:39:49.521020,0.4740906
2021-03-16 18:39:49.536640,0.4781189
2021-03-16 18:39:49.552270,0.5691833
2021-03-16 18:39:49.567900,0.6610107
2021-03-16 18:39:49.583520,0.6338806
2021-03-16 18:39:49.599150,0.4184265
2021-03-16 18:39:49.614770,0.02853394
2021-03-16 18:39:49.630400,-0.4004517
2021-03-16 18:39:49.646020,-0.7157288
2021-03-16 18:39:49.661650,-0.8253479
2021-03-16 18:39:49.677280,-0.7390137
2021-03-16 18:39:49.692900,-0.5846252
2021-03-16 18:39:49.708530,-0.4918518
2021-03-16 18:39:49.724150,-0.5365601
2021-03-16 18:39:49.739780,-0.6734619
2021-03-16 18:39:49.755400,-0.7975159
2021-03-16 18:39:49.771030,-0.8088379
2021-03-16 18:39:49.786660,-0.700592
2021-03-16 18:39:49.802280,-0.5493164
2021-03-16 18:39:49.817910,-0.4477539
2021-03-16 18:39:49.833530,-0.4461365
2021-03-16 18:39:49.849160,-0.4885559
2021-03-16 18:39:49.864790,-0.4648132
2021-03-16 18:39:49.880410,-0.2750854
2021-03-16 18:39:49.896040,0.0887146
2021-03-16 18:39:49.911660,0.5281372
2021-03-16 18:39:49.927290,0.8884583
2021-03-16 18:39:49.942910,1.058228
2021-03-16 18:39:49.958540,1.015594
2021-03-16 18:39:49.974170,0.8300171
2021-03-16 18:39:49.989790,0.635376
2021-03-16 18:39:50.005420,0.5205688
2021-03-16 18:39:50.021040,0.5072327
2021-03-16 18:39:50.036670,0.5619202
2021-03-16 18:39:50.052290,0.6282349
2021-03-16 18:39:50.067920,0.6581726
2021-03-16 18:39:50.083550,0.646637
2021-03-16 18:39:50.099170,0.6013489
2021-03-16 18:39:50.114800,0.5231934
2021-03-16 18:39:50.130420,0.4312439
2021-03-16 18:39:50.146050,0.3217163
2021-03-16 18:39:50.161670,0.18927
2021-03-16 18:39:50.177300,0.03115845
2021-03-16 18:39:50.192930,-0.170166
2021-03-16 18:39:50.208550,-0.4172668
2021-03-16 18:39:50.224180,-0.6748047
2021-03-16 18:39:50.239800,-0.8699646
2021-03-16 18:39:50.255430,-0.9122925
2021-03-16 18:39:50.271050,-0.7322388
2021-03-16 18:39:50.286680,-0.3686829
2021-03-16 18:39:50.302310,0.05767822
2021-03-16 18:39:50.317930,0.3743286
2021-03-16 18:39:50.333560,0.4457092
2021-03-16 18:39:50.349180,0.2416077
2021-03-16 18:39:50.364810,-0.1405945
2021-03-16 18:39:50.380430,-0.5480652
2021-03-16 18:39:50.396060,-0.8345642
2021-03-16 18:39:50.411690,-0.9179993
2021-03-16 18:39:50.427310,-0.7997131
2021-03-16 18:39:50.442940,-0.5296326
2021-03-16 18:39:50.458560,-0.1873474
2021-03-16 18:39:50.474190,0.134491
2021-03-16 18:39:50.489810,0.3613586
2021-03-16 18:39:50.505440,0.443634
2021-03-16 18:39:50.521070,0.3780823
2021-03-16 18:39:50.536690,0.2247925
2021-03-16 18:39:50.552320,0.07943726
2021-03-16 18:39:50.567940,0.004364014
2021-03-16 18:39:50.583570,0.01934814
2021-03-16 18:39:50.599190,0.07955933
2021-03-16 18:39:50.614820,0.112793
2021-03-16 18:39:50.630450,0.1010132
2021-03-16 18:39:50.646070,0.08517456
2021-03-16 18:39:50.661700,0.1315308
2021-03-16 18:39:50.677320,0.2880859
2021-03-16 18:39:50.692950,0.5176392
2021-03-16 18:39:50.708570,0.70755
2021-03-16 18:39:50.724200,0.7445068
2021-03-16 18:39:50.739830,0.5622864
2021-03-16 18:39:50.755450,0.2008667
2021-03-16 18:39:50.771080,-0.2224121
2021-03-16 18:39:50.786700,-0.5667114
2021-03-16 18:39:50.802330,-0.7362976
2021-03-16 18:39:50.817950,-0.6949158
2021-03-16 18:39:50.833580,-0.4764404
2021-03-16 18:39:50.849210,-0.1529236
2021-03-16 18:39:50.864830,0.2037048
2021-03-16 18:39:50.880460,0.5246582
Acc
2021-03-16 18:39:27.428240,"[-39, 50, 9]"
2021-03-16 18:39:27.459490,"[-38, 50, 10]"
2021-03-16 18:39:27.490750,"[-37, 50, 10]"
2021-03-16 18:39:27.522000,"[-36, 49, 11]"
2021-03-16 18:39:27.553250,"[-36, 49, 12]"
2021-03-16 18:39:27.584500,"[-36, 49, 11]"
2021-03-16 18:39:27.615750,"[-37, 49, 11]"
2021-03-16 18:39:27.647000,"[-39, 49, 11]"
2021-03-16 18:39:27.678250,"[-40, 50, 13]"
2021-03-16 18:39:27.709510,"[-40, 50, 14]"
2021-03-16 18:39:27.740760,"[-39, 49, 15]"
2021-03-16 18:39:27.772010,"[-39, 47, 14]"
2021-03-16 18:39:27.803260,"[-40, 50, 13]"
2021-03-16 18:39:27.834510,"[-41, 50, 12]"
2021-03-16 18:39:27.865760,"[-42, 50, 9]"
2021-03-16 18:39:27.897010,"[-41, 48, 8]"
2021-03-16 18:39:27.928270,"[-38, 50, 8]"
2021-03-16 18:39:27.959520,"[-38, 52, 8]"
2021-03-16 18:39:27.990770,"[-38, 51, 8]"
2021-03-16 18:39:28.022020,"[-37, 49, 7]"
2021-03-16 18:39:28.053270,"[-37, 47, 7]"
2021-03-16 18:39:28.084520,"[-40, 46, 7]"
2021-03-16 18:39:28.115780,"[-43, 47, 8]"
2021-03-16 18:39:28.147030,"[-46, 51, 8]"
2021-03-16 18:39:28.178280,"[-45, 52, 9]"
2021-03-16 18:39:28.209530,"[-44, 50, 9]"
2021-03-16 18:39:28.240780,"[-43, 46, 6]"
2021-03-16 18:39:28.272030,"[-44, 46, 4]"
2021-03-16 18:39:28.303280,"[-43, 45, 1]"
2021-03-16 18:39:28.334540,"[-42, 47, 1]"
2021-03-16 18:39:28.365790,"[-42, 48, 1]"
2021-03-16 18:39:28.397040,"[-40, 48, 3]"
2021-03-16 18:39:28.428290,"[-41, 48, 3]"
2021-03-16 18:39:28.459540,"[-43, 47, 1]"
2021-03-16 18:39:28.490790,"[-44, 48, 0]"
2021-03-16 18:39:28.522040,"[-46, 47, 1]"
2021-03-16 18:39:28.553300,"[-47, 45, 1]"
2021-03-16 18:39:28.584550,"[-43, 44, 0]"
2021-03-16 18:39:28.615800,"[-39, 44, 0]"
2021-03-16 18:39:28.647050,"[-46, 44, -4]"
2021-03-16 18:39:28.678300,"[-48, 45, -5]"
2021-03-16 18:39:28.709550,"[-51, 47, -8]"
2021-03-16 18:39:28.740800,"[-47, 49, -6]"
2021-03-16 18:39:28.772060,"[-44, 49, -5]"
2021-03-16 18:39:28.803310,"[-43, 51, -3]"
2021-03-16 18:39:28.834560,"[-43, 51, -3]"
2021-03-16 18:39:28.865810,"[-40, 50, 1]"
2021-03-16 18:39:28.897060,"[-39, 49, 2]"
2021-03-16 18:39:28.928310,"[-40, 48, 2]"
2021-03-16 18:39:28.959560,"[-41, 48, 1]"
2021-03-16 18:39:28.990820,"[-40, 48, 1]"
2021-03-16 18:39:29.022070,"[-39, 48, 2]"
2021-03-16 18:39:29.053320,"[-40, 48, 1]"
2021-03-16 18:39:29.084570,"[-44, 48, -3]"
2021-03-16 18:39:29.115820,"[-45, 48, -3]"
2021-03-16 18:39:29.147070,"[-43, 51, 0]"
2021-03-16 18:39:29.178320,"[-41, 50, 0]"
2021-03-16 18:39:29.209580,"[-42, 50, -2]"
2021-03-16 18:39:29.240830,"[-32, 55, 11]"
2021-03-16 18:39:29.272080,"[-36, 56, 7]"
2021-03-16 18:39:29.303330,"[-39, 55, 7]"
2021-03-16 18:39:29.334580,"[-41, 56, 6]"
2021-03-16 18:39:29.365830,"[-45, 51, 1]"
2021-03-16 18:39:29.397080,"[-44, 50, 1]"
2021-03-16 18:39:29.428340,"[-43, 50, 3]"
2021-03-16 18:39:29.459590,"[-44, 50, 4]"
2021-03-16 18:39:29.490840,"[-44, 50, 7]"
2021-03-16 18:39:29.522090,"[-42, 47, 10]"
2021-03-16 18:39:29.553340,"[-40, 47, 13]"
2021-03-16 18:39:29.584590,"[-42, 47, 11]"
2021-03-16 18:39:29.615840,"[-42, 48, 14]"
2021-03-16 18:39:29.647100,"[-37, 53, 20]"
2021-03-16 18:39:29.678350,"[-39, 54, 18]"
2021-03-16 18:39:29.709600,"[-50, 55, 19]"
2021-03-16 18:39:29.740850,"[-56, 50, 6]"
2021-03-16 18:39:29.772100,"[-49, 48, 10]"
2021-03-16 18:39:29.803350,"[-51, 51, 8]"
2021-03-16 18:39:29.865860,"[-44, 44, 6]"
2021-03-16 18:39:29.897110,"[-48, 41, 2]"
2021-03-16 18:39:29.928360,"[-50, 31, -5]"
2021-03-16 18:39:29.959610,"[-59, 25, -12]"
2021-03-16 18:39:29.990860,"[-68, 16, -19]"
2021-03-16 18:39:30.022110,"[-71, 7, -23]"
2021-03-16 18:39:30.053360,"[-72, 3, -26]"
2021-03-16 18:39:30.084620,"[-69, -1, -28]"
2021-03-16 18:39:30.115870,"[-66, -5, -31]"
2021-03-16 18:39:30.147120,"[-58, -10, -35]"
2021-03-16 18:39:30.178370,"[-53, -10, -33]"
2021-03-16 18:39:30.209620,"[-48, -12, -32]"
2021-03-16 18:39:30.240870,"[-44, -14, -33]"
2021-03-16 18:39:30.272120,"[-37, -13, -27]"
2021-03-16 18:39:30.303380,"[-37, -15, -17]"
2021-03-16 18:39:30.334630,"[-41, -17, -17]"
2021-03-16 18:39:30.365880,"[-41, -18, -16]"
2021-03-16 18:39:30.397130,"[-46, -18, -12]"
2021-03-16 18:39:30.428380,"[-34, -23, 0]"
2021-03-16 18:39:30.459630,"[-46, -26, -5]"
2021-03-16 18:39:30.490890,"[-72, -30, -3]"
2021-03-16 18:39:30.522140,"[-63, -32, -1]"
2021-03-16 18:39:30.553390,"[-63, -34, -8]"
2021-03-16 18:39:30.584640,"[-50, -34, -4]"
2021-03-16 18:39:30.615890,"[-49, -31, -4]"
2021-03-16 18:39:30.647140,"[-56, -30, -7]"
2021-03-16 18:39:30.678390,"[-57, -30, -7]"
2021-03-16 18:39:30.709650,"[-47, -26, -1]"
2021-03-16 18:39:30.740900,"[-46, -26, -3]"
2021-03-16 18:39:30.772150,"[-56, -26, -5]"
2021-03-16 18:39:30.803400,"[-57, -24, -6]"
2021-03-16 18:39:30.834650,"[-55, -26, -2]"
2021-03-16 18:39:30.865900,"[-57, -25, 1]"
2021-03-16 18:39:30.897150,"[-61, -27, -1]"
2021-03-16 18:39:30.928410,"[-56, -28, -3]"
2021-03-16 18:39:30.959660,"[-56, -27, -1]"
2021-03-16 18:39:30.990910,"[-60, -27, -3]"
2021-03-16 18:39:31.022160,"[-56, -26, -1]"
2021-03-16 18:39:31.053410,"[-56, -23, 2]"
2021-03-16 18:39:31.084660,"[-61, -23, -1]"
2021-03-16 18:39:31.115910,"[-63, -23, -3]"
2021-03-16 18:39:31.147170,"[-55, -20, -3]"
2021-03-16 18:39:31.178420,"[-54, -23, -2]"
2021-03-16 18:39:31.209670,"[-56, -18, -1]"
2021-03-16 18:39:31.240920,"[-59, -18, -2]"
2021-03-16 18:39:31.272170,"[-65, -18, 1]"
2021-03-16 18:39:31.303420,"[-66, -17, -2]"
2021-03-16 18:39:31.334670,"[-57, -15, 1]"
2021-03-16 18:39:31.365930,"[-53, -13, 2]"
2021-03-16 18:39:31.397180,"[-58, -9, 6]"
2021-03-16 18:39:31.428430,"[-74, -3, 15]"
2021-03-16 18:39:31.459680,"[-86, -2, 13]"
2021-03-16 18:39:31.490930,"[-77, -6, 8]"
2021-03-16 18:39:31.522180,"[-50, -7, 10]"
2021-03-16 18:39:31.553430,"[-50, -7, 10]"
2021-03-16 18:39:31.584690,"[-66, -5, 7]"
2021-03-16 18:39:31.615940,"[-72, -4, 5]"
2021-03-16 18:39:31.647190,"[-63, -9, 3]"
2021-03-16 18:39:31.678440,"[-56, -8, 7]"
2021-03-16 18:39:31.709690,"[-63, -5, 12]"
2021-03-16 18:39:31.740940,"[-64, -3, 15]"
2021-03-16 18:39:31.772190,"[-60, -7, 17]"
2021-03-16 18:39:31.803450,"[-58, -5, 19]"
2021-03-16 18:39:31.834700,"[-55, -5, 20]"
2021-03-16 18:39:31.865950,"[-62, -8, 15]"
2021-03-16 18:39:31.897200,"[-64, -7, 14]"
2021-03-16 18:39:31.928450,"[-61, -8, 14]"
2021-03-16 18:39:31.959700,"[-58, -7, 16]"
2021-03-16 18:39:32.022210,"[-61, -7, 13]"
2021-03-16 18:39:32.053460,"[-62, -7, 15]"
2021-03-16 18:39:32.084710,"[-61, -5, 15]"
2021-03-16 18:39:32.115960,"[-62, -7, 15]"
2021-03-16 18:39:32.147210,"[-60, -7, 16]"
2021-03-16 18:39:32.178460,"[-61, -7, 16]"
2021-03-16 18:39:32.209710,"[-59, -7, 16]"
2021-03-16 18:39:32.240970,"[-59, -7, 17]"
2021-03-16 18:39:32.272220,"[-60, -7, 17]"
2021-03-16 18:39:32.303470,"[-60, -8, 14]"
2021-03-16 18:39:32.334720,"[-59, -7, 14]"
2021-03-16 18:39:32.365970,"[-64, -7, 14]"
2021-03-16 18:39:32.397220,"[-63, -7, 13]"
2021-03-16 18:39:32.428470,"[-59, -8, 14]"
2021-03-16 18:39:32.459730,"[-60, -8, 15]"
2021-03-16 18:39:32.490980,"[-60, -8, 15]"
2021-03-16 18:39:32.522230,"[-60, -8, 16]"
2021-03-16 18:39:32.553480,"[-61, -8, 15]"
2021-03-16 18:39:32.584730,"[-60, -8, 15]"
2021-03-16 18:39:32.615980,"[-61, -8, 14]"
2021-03-16 18:39:32.647230,"[-61, -7, 13]"
2021-03-16 18:39:32.678490,"[-61, -8, 14]"
2021-03-16 18:39:32.709740,"[-61, -8, 13]"
2021-03-16 18:39:32.740990,"[-61, -8, 14]"
2021-03-16 18:39:32.772240,"[-61, -8, 15]"
2021-03-16 18:39:32.803490,"[-61, -8, 14]"
2021-03-16 18:39:32.834740,"[-61, -8, 13]"
2021-03-16 18:39:32.865990,"[-61, -8, 13]"
2021-03-16 18:39:32.897250,"[-61, -8, 13]"
2021-03-16 18:39:32.928500,"[-61, -8, 13]"
2021-03-16 18:39:32.959750,"[-62, -9, 12]"
2021-03-16 18:39:32.991000,"[-61, -9, 13]"
2021-03-16 18:39:33.022250,"[-61, -9, 13]"
2021-03-16 18:39:33.053500,"[-61, -9, 13]"
2021-03-16 18:39:33.084760,"[-61, -9, 13]"
2021-03-16 18:39:33.116010,"[-61, -9, 13]"
2021-03-16 18:39:33.147260,"[-61, -10, 12]"
2021-03-16 18:39:33.178510,"[-61, -9, 12]"
2021-03-16 18:39:33.209760,"[-61, -10, 12]"
2021-03-16 18:39:33.241010,"[-61, -10, 12]"
2021-03-16 18:39:33.272260,"[-61, -10, 12]"
2021-03-16 18:39:33.303520,"[-61, -11, 12]"
2021-03-16 18:39:33.334770,"[-61, -11, 12]"
2021-03-16 18:39:33.366020,"[-61, -12, 11]"
2021-03-16 18:39:33.397270,"[-61, -12, 11]"
2021-03-16 18:39:33.428520,"[-62, -12, 11]"
2021-03-16 18:39:33.459770,"[-62, -12, 11]"
2021-03-16 18:39:33.491020,"[-61, -11, 11]"
2021-03-16 18:39:33.522280,"[-61, -11, 11]"
2021-03-16 18:39:33.553530,"[-61, -11, 12]"
2021-03-16 18:39:33.584780,"[-61, -11, 13]"
2021-03-16 18:39:33.616030,"[-60, -11, 13]"
2021-03-16 18:39:33.647280,"[-61, -11, 12]"
2021-03-16 18:39:33.678530,"[-61, -11, 12]"
2021-03-16 18:39:33.709780,"[-61, -11, 12]"
2021-03-16 18:39:33.741040,"[-61, -12, 12]"
2021-03-16 18:39:33.772290,"[-61, -12, 12]"
2021-03-16 18:39:33.803540,"[-61, -13, 12]"
2021-03-16 18:39:33.834790,"[-61, -13, 11]"
2021-03-16 18:39:33.866040,"[-61, -13, 11]"
2021-03-16 18:39:33.897290,"[-61, -13, 11]"
2021-03-16 18:39:33.928540,"[-61, -13, 11]"
2021-03-16 18:39:33.959800,"[-61, -12, 11]"
2021-03-16 18:39:33.991050,"[-61, -12, 11]"
2021-03-16 18:39:34.022300,"[-61, -13, 11]"
2021-03-16 18:39:34.053550,"[-61, -13, 11]"
2021-03-16 18:39:34.084800,"[-61, -13, 12]"
2021-03-16 18:39:34.116050,"[-61, -13, 12]"
2021-03-16 18:39:34.147300,"[-61, -13, 11]"
2021-03-16 18:39:34.178560,"[-60, -13, 11]"
2021-03-16 18:39:34.209810,"[-61, -13, 11]"
2021-03-16 18:39:34.241060,"[-60, -13, 11]"
2021-03-16 18:39:34.272310,"[-62, -13, 10]"
2021-03-16 18:39:34.303560,"[-62, -13, 10]"
2021-03-16 18:39:34.366060,"[-60, -12, 11]"
2021-03-16 18:39:34.397320,"[-60, -12, 12]"
2021-03-16 18:39:34.428570,"[-61, -12, 12]"
2021-03-16 18:39:34.459820,"[-61, -11, 12]"
2021-03-16 18:39:34.491070,"[-60, -11, 12]"
2021-03-16 18:39:34.522320,"[-60, -12, 11]"
2021-03-16 18:39:34.553570,"[-61, -11, 12]"
2021-03-16 18:39:34.584820,"[-63, -11, 12]"
2021-03-16 18:39:34.616080,"[-62, -11, 11]"
2021-03-16 18:39:34.647330,"[-60, -11, 12]"
2021-03-16 18:39:34.678580,"[-61, -11, 11]"
2021-03-16 18:39:34.709830,"[-62, -11, 10]"
2021-03-16 18:39:34.741080,"[-62, -11, 10]"
2021-03-16 18:39:34.772330,"[-64, -10, 11]"
2021-03-16 18:39:34.803580,"[-64, -10, 11]"
2021-03-16 18:39:34.834840,"[-61, -11, 11]"
2021-03-16 18:39:34.866090,"[-63, -11, 11]"
2021-03-16 18:39:34.897340,"[-62, -10, 12]"
2021-03-16 18:39:34.928590,"[-61, -10, 14]"
2021-03-16 18:39:34.959840,"[-60, -10, 15]"
2021-03-16 18:39:34.991090,"[-59, -9, 15]"
2021-03-16 18:39:35.022340,"[-59, -9, 15]"
2021-03-16 18:39:35.053600,"[-61, -8, 15]"
2021-03-16 18:39:35.084850,"[-61, -8, 14]"
2021-03-16 18:39:35.116100,"[-61, -7, 14]"
2021-03-16 18:39:35.147350,"[-61, -8, 14]"
2021-03-16 18:39:35.178600,"[-61, -8, 14]"
2021-03-16 18:39:35.209850,"[-61, -8, 14]"
2021-03-16 18:39:35.241100,"[-60, -9, 14]"
2021-03-16 18:39:35.272360,"[-61, -9, 13]"
2021-03-16 18:39:35.303610,"[-61, -9, 13]"
2021-03-16 18:39:35.334860,"[-61, -9, 14]"
2021-03-16 18:39:35.366110,"[-60, -8, 15]"
2021-03-16 18:39:35.397360,"[-61, -8, 16]"
2021-03-16 18:39:35.428610,"[-61, -9, 16]"
2021-03-16 18:39:35.459870,"[-61, -9, 15]"
2021-03-16 18:39:35.491120,"[-61, -9, 14]"
2021-03-16 18:39:35.522370,"[-61, -9, 14]"
2021-03-16 18:39:35.553620,"[-63, -9, 14]"
2021-03-16 18:39:35.584870,"[-62, -10, 15]"
2021-03-16 18:39:35.616120,"[-60, -9, 16]"
2021-03-16 18:39:35.647370,"[-60, -9, 17]"
2021-03-16 18:39:35.678630,"[-60, -9, 18]"
2021-03-16 18:39:35.709880,"[-60, -9, 18]"
2021-03-16 18:39:35.741130,"[-60, -9, 18]"
2021-03-16 18:39:35.772380,"[-65, -9, 19]"
2021-03-16 18:39:35.803630,"[-63, -9, 19]"
2021-03-16 18:39:35.834880,"[-53, -10, 22]"
2021-03-16 18:39:35.866130,"[-55, -8, 23]"
2021-03-16 18:39:35.897390,"[-57, -8, 23]"
2021-03-16 18:39:35.928640,"[-60, -8, 24]"
2021-03-16 18:39:35.959890,"[-59, -9, 23]"
2021-03-16 18:39:35.991140,"[-57, -8, 24]"
2021-03-16 18:39:36.022390,"[-57, -8, 24]"
2021-03-16 18:39:36.053640,"[-56, -8, 25]"
2021-03-16 18:39:36.084890,"[-57, -8, 24]"
2021-03-16 18:39:36.116150,"[-43, -7, 24]"
2021-03-16 18:39:36.147400,"[-75, -13, 19]"
2021-03-16 18:39:36.178650,"[-57, -10, 22]"
2021-03-16 18:39:36.209900,"[-55, -11, 23]"
2021-03-16 18:39:36.241150,"[-55, -9, 24]"
2021-03-16 18:39:36.272400,"[-56, -7, 25]"
2021-03-16 18:39:36.303650,"[-54, -7, 26]"
2021-03-16 18:39:36.334910,"[-60, -10, 24]"
2021-03-16 18:39:36.366160,"[-61, -10, 22]"
2021-03-16 18:39:36.397410,"[-63, -11, 20]"
2021-03-16 18:39:36.428660,"[-57, -9, 23]"
2021-03-16 18:39:36.459910,"[-59, -9, 23]"
2021-03-16 18:39:36.491160,"[-57, -8, 24]"
2021-03-16 18:39:36.522410,"[-58, -9, 23]"
2021-03-16 18:39:36.553670,"[-56, -8, 24]"
2021-03-16 18:39:36.584920,"[-59, -9, 24]"
2021-03-16 18:39:36.616170,"[-57, -9, 22]"
2021-03-16 18:39:36.647420,"[-59, -9, 22]"
2021-03-16 18:39:36.678670,"[-56, -9, 23]"
2021-03-16 18:39:36.709920,"[-58, -10, 22]"
2021-03-16 18:39:36.741170,"[-60, -11, 21]"
2021-03-16 18:39:36.772430,"[-60, -9, 21]"
2021-03-16 18:39:36.803680,"[-61, -10, 20]"
2021-03-16 18:39:36.834930,"[-58, -10, 22]"
2021-03-16 18:39:36.866180,"[-57, -10, 22]"
2021-03-16 18:39:36.897430,"[-57, -9, 23]"
2021-03-16 18:39:36.928680,"[-57, -11, 22]"
2021-03-16 18:39:36.959930,"[-58, -11, 21]"
2021-03-16 18:39:36.991190,"[-60, -12, 20]"
2021-03-16 18:39:37.022440,"[-60, -12, 19]"
2021-03-16 18:39:37.053690,"[-60, -13, 18]"
2021-03-16 18:39:37.084940,"[-60, -12, 19]"
2021-03-16 18:39:37.116190,"[-59, -12, 20]"
2021-03-16 18:39:37.147440,"[-58, -11, 21]"
2021-03-16 18:39:37.178690,"[-58, -11, 21]"
2021-03-16 18:39:37.209950,"[-59, -11, 19]"
2021-03-16 18:39:37.241200,"[-58, -11, 19]"
2021-03-16 18:39:37.272450,"[-58, -12, 18]"
2021-03-16 18:39:37.303700,"[-59, -12, 18]"
2021-03-16 18:39:37.334950,"[-60, -12, 18]"
2021-03-16 18:39:37.366200,"[-60, -12, 18]"
2021-03-16 18:39:37.397450,"[-59, -12, 18]"
2021-03-16 18:39:37.428710,"[-59, -12, 18]"
2021-03-16 18:39:37.459960,"[-60, -13, 17]"
2021-03-16 18:39:37.491210,"[-60, -11, 18]"
2021-03-16 18:39:37.522460,"[-59, -11, 18]"
2021-03-16 18:39:37.553710,"[-58, -10, 18]"
2021-03-16 18:39:37.584960,"[-57, -10, 18]"
2021-03-16 18:39:37.616210,"[-59, -10, 17]"
2021-03-16 18:39:37.647470,"[-60, -12, 15]"
2021-03-16 18:39:37.678720,"[-60, -13, 14]"
2021-03-16 18:39:37.709970,"[-63, -12, 13]"
2021-03-16 18:39:37.741220,"[-63, -12, 13]"
2021-03-16 18:39:37.772470,"[-60, -12, 12]"
2021-03-16 18:39:37.803720,"[-59, -12, 13]"
2021-03-16 18:39:37.834980,"[-61, -11, 13]"
2021-03-16 18:39:37.866230,"[-61, -11, 13]"
2021-03-16 18:39:37.897480,"[-60, -12, 13]"
2021-03-16 18:39:37.928730,"[-61, -12, 12]"
2021-03-16 18:39:37.959980,"[-61, -13, 12]"
2021-03-16 18:39:37.991230,"[-62, -12, 12]"
2021-03-16 18:39:38.022480,"[-63, -11, 11]"
2021-03-16 18:39:38.053740,"[-64, -9, 11]"
2021-03-16 18:39:38.084990,"[-61, -10, 11]"
2021-03-16 18:39:38.116240,"[-58, -11, 12]"
2021-03-16 18:39:38.147490,"[-59, -11, 13]"
2021-03-16 18:39:38.178740,"[-61, -10, 13]"
2021-03-16 18:39:38.209990,"[-61, -11, 12]"
2021-03-16 18:39:38.241240,"[-61, -12, 12]"
2021-03-16 18:39:38.272500,"[-61, -12, 12]"
2021-03-16 18:39:38.303750,"[-61, -12, 12]"
2021-03-16 18:39:38.335000,"[-62, -12, 11]"
2021-03-16 18:39:38.366250,"[-62, -11, 11]"
2021-03-16 18:39:38.397500,"[-62, -11, 12]"
2021-03-16 18:39:38.428750,"[-62, -8, 12]"
2021-03-16 18:39:38.460000,"[-61, -8, 12]"
2021-03-16 18:39:38.491260,"[-59, -10, 11]"
2021-03-16 18:39:38.522510,"[-60, -10, 10]"
2021-03-16 18:39:38.553760,"[-63, -11, 10]"
2021-03-16 18:39:38.585010,"[-63, -11, 10]"
2021-03-16 18:39:38.616260,"[-61, -11, 8]"
2021-03-16 18:39:38.647510,"[-61, -11, 8]"
2021-03-16 18:39:38.678760,"[-60, -12, 5]"
2021-03-16 18:39:38.710020,"[-66, -11, 5]"
2021-03-16 18:39:38.741270,"[-66, -11, 6]"
2021-03-16 18:39:38.772520,"[-61, -11, 11]"
2021-03-16 18:39:38.803770,"[-59, -11, 12]"
2021-03-16 18:39:38.835020,"[-59, -11, 10]"
2021-03-16 18:39:38.866270,"[-61, -10, 9]"
2021-03-16 18:39:38.897520,"[-65, -10, 7]"
2021-03-16 18:39:38.928780,"[-63, -10, 5]"
2021-03-16 18:39:38.960030,"[-62, -10, 6]"
2021-03-16 18:39:38.991280,"[-61, -11, 8]"
2021-03-16 18:39:39.022530,"[-61, -11, 9]"
2021-03-16 18:39:39.053780,"[-62, -12, 9]"
2021-03-16 18:39:39.085030,"[-61, -11, 9]"
2021-03-16 18:39:39.116280,"[-61, -11, 9]"
2021-03-16 18:39:39.147540,"[-62, -12, 10]"
2021-03-16 18:39:39.178790,"[-63, -12, 10]"
2021-03-16 18:39:39.210040,"[-61, -11, 9]"
2021-03-16 18:39:39.241290,"[-61, -12, 9]"
2021-03-16 18:39:39.272540,"[-61, -11, 9]"
2021-03-16 18:39:39.303790,"[-61, -12, 10]"
2021-03-16 18:39:39.335040,"[-60, -12, 9]"
2021-03-16 18:39:39.366300,"[-60, -12, 9]"
2021-03-16 18:39:39.397550,"[-62, -12, 8]"
2021-03-16 18:39:39.428800,"[-62, -12, 8]"
2021-03-16 18:39:39.460050,"[-63, -12, 8]"
2021-03-16 18:39:39.491300,"[-60, -12, 10]"
2021-03-16 18:39:39.522550,"[-59, -12, 9]"
2021-03-16 18:39:39.553800,"[-62, -12, 8]"
2021-03-16 18:39:39.585060,"[-62, -12, 9]"
2021-03-16 18:39:39.616310,"[-61, -13, 8]"
2021-03-16 18:39:39.647560,"[-61, -13, 8]"
2021-03-16 18:39:39.678810,"[-62, -14, 8]"
2021-03-16 18:39:39.710060,"[-62, -13, 9]"
2021-03-16 18:39:39.741310,"[-61, -13, 9]"
2021-03-16 18:39:39.772560,"[-62, -13, 8]"
2021-03-16 18:39:39.803820,"[-62, -13, 8]"
2021-03-16 18:39:39.835070,"[-62, -13, 7]"
2021-03-16 18:39:39.866320,"[-62, -12, 8]"
2021-03-16 18:39:39.897570,"[-61, -12, 9]"
2021-03-16 18:39:39.928820,"[-61, -12, 9]"
2021-03-16 18:39:39.960070,"[-61, -12, 9]"
2021-03-16 18:39:39.991320,"[-61, -13, 9]"
2021-03-16 18:39:40.022580,"[-61, -13, 9]"
2021-03-16 18:39:40.053830,"[-62, -13, 9]"
2021-03-16 18:39:40.085080,"[-62, -13, 9]"
2021-03-16 18:39:40.116330,"[-62, -12, 9]"
2021-03-16 18:39:40.147580,"[-62, -12, 9]"
2021-03-16 18:39:40.178830,"[-61, -12, 9]"
2021-03-16 18:39:40.210080,"[-61, -11, 9]"
2021-03-16 18:39:40.241340,"[-61, -12, 9]"
2021-03-16 18:39:40.272590,"[-61, -12, 9]"
2021-03-16 18:39:40.303840,"[-61, -12, 9]"
2021-03-16 18:39:40.335090,"[-61, -12, 9]"
2021-03-16 18:39:40.366340,"[-61, -12, 9]"
2021-03-16 18:39:40.397590,"[-61, -12, 9]"
2021-03-16 18:39:40.428850,"[-62, -13, 9]"
2021-03-16 18:39:40.460100,"[-62, -13, 9]"
2021-03-16 18:39:40.491350,"[-61, -13, 9]"
2021-03-16 18:39:40.522600,"[-61, -12, 9]"
2021-03-16 18:39:40.553850,"[-62, -12, 9]"
2021-03-16 18:39:40.585100,"[-61, -12, 9]"
2021-03-16 18:39:40.616350,"[-61, -12, 9]"
2021-03-16 18:39:40.647610,"[-61, -11, 9]"
2021-03-16 18:39:40.678860,"[-61, -11, 10]"
2021-03-16 18:39:40.710110,"[-61, -11, 10]"
2021-03-16 18:39:40.741360,"[-61, -11, 10]"
2021-03-16 18:39:40.772610,"[-61, -11, 10]"
2021-03-16 18:39:40.803860,"[-61, -11, 10]"
2021-03-16 18:39:40.866370,"[-61, -11, 10]"
2021-03-16 18:39:40.897620,"[-62, -12, 10]"
2021-03-16 18:39:40.928870,"[-61, -12, 9]"
2021-03-16 18:39:40.960120,"[-61, -12, 9]"
2021-03-16 18:39:40.991370,"[-61, -12, 9]"
2021-03-16 18:39:41.022620,"[-61, -12, 9]"
2021-03-16 18:39:41.053870,"[-61, -12, 8]"
2021-03-16 18:39:41.085130,"[-62, -12, 8]"
2021-03-16 18:39:41.116380,"[-62, -11, 8]"
2021-03-16 18:39:41.147630,"[-61, -11, 8]"
2021-03-16 18:39:41.178880,"[-61, -12, 8]"
2021-03-16 18:39:41.210130,"[-62, -12, 8]"
2021-03-16 18:39:41.241380,"[-62, -12, 8]"
2021-03-16 18:39:41.272630,"[-61, -12, 8]"
2021-03-16 18:39:41.303890,"[-62, -12, 8]"
2021-03-16 18:39:41.335140,"[-62, -12, 8]"
2021-03-16 18:39:41.366390,"[-61, -13, 8]"
2021-03-16 18:39:41.397640,"[-62, -12, 9]"
2021-03-16 18:39:41.428890,"[-62, -13, 8]"
2021-03-16 18:39:41.460140,"[-61, -12, 9]"
2021-03-16 18:39:41.491390,"[-62, -12, 8]"
2021-03-16 18:39:41.522650,"[-61, -12, 8]"
2021-03-16 18:39:41.553900,"[-61, -12, 8]"
2021-03-16 18:39:41.585150,"[-61, -12, 8]"
2021-03-16 18:39:41.616400,"[-61, -12, 8]"
2021-03-16 18:39:41.647650,"[-62, -12, 8]"
2021-03-16 18:39:41.678900,"[-62, -13, 8]"
2021-03-16 18:39:41.710150,"[-62, -13, 7]"
2021-03-16 18:39:41.741410,"[-62, -13, 7]"
2021-03-16 18:39:41.772660,"[-63, -12, 6]"
2021-03-16 18:39:41.803910,"[-62, -12, 6]"
2021-03-16 18:39:41.835160,"[-62, -12, 6]"
2021-03-16 18:39:41.866410,"[-63, -12, 5]"
2021-03-16 18:39:41.897660,"[-63, -12, 4]"
2021-03-16 18:39:41.928910,"[-63, -11, 4]"
2021-03-16 18:39:41.960170,"[-63, -11, 5]"
2021-03-16 18:39:41.991420,"[-61, -11, 7]"
2021-03-16 18:39:42.022670,"[-60, -11, 8]"
2021-03-16 18:39:42.053920,"[-60, -11, 8]"
2021-03-16 18:39:42.085170,"[-60, -11, 8]"
2021-03-16 18:39:42.116420,"[-52, -10, 7]"
2021-03-16 18:39:42.147670,"[-51, -10, 8]"
2021-03-16 18:39:42.178930,"[-55, -6, 9]"
2021-03-16 18:39:42.210180,"[-57, -9, 9]"
2021-03-16 18:39:42.241430,"[-60, -6, 9]"
2021-03-16 18:39:42.272680,"[-60, -4, 11]"
2021-03-16 18:39:42.303930,"[-61, -4, 11]"
2021-03-16 18:39:42.335180,"[-62, -1, 11]"
2021-03-16 18:39:42.366430,"[-62, 0, 10]"
2021-03-16 18:39:42.397690,"[-61, 2, 8]"
2021-03-16 18:39:42.428940,"[-60, 3, 9]"
2021-03-16 18:39:42.460190,"[-63, 8, 11]"
2021-03-16 18:39:42.491440,"[-71, 10, 7]"
2021-03-16 18:39:42.522690,"[-76, 13, 10]"
2021-03-16 18:39:42.553940,"[-81, 13, 18]"
2021-03-16 18:39:42.585190,"[-59, 7, 17]"
2021-03-16 18:39:42.616450,"[-64, 9, 12]"
2021-03-16 18:39:42.647700,"[-65, 9, 13]"
2021-03-16 18:39:42.678950,"[-61, 8, 14]"
2021-03-16 18:39:42.710200,"[-60, 8, 14]"
2021-03-16 18:39:42.741450,"[-60, 7, 15]"
2021-03-16 18:39:42.772700,"[-60, 8, 18]"
2021-03-16 18:39:42.803960,"[-61, 8, 18]"
2021-03-16 18:39:42.835210,"[-60, 8, 20]"
2021-03-16 18:39:42.866460,"[-59, 7, 20]"
2021-03-16 18:39:42.897710,"[-58, 7, 21]"
2021-03-16 18:39:42.928960,"[-57, 8, 23]"
2021-03-16 18:39:42.960210,"[-58, 8, 24]"
2021-03-16 18:39:42.991460,"[-59, 8, 23]"
2021-03-16 18:39:43.022720,"[-58, 7, 22]"
2021-03-16 18:39:43.053970,"[-58, 7, 20]"
2021-03-16 18:39:43.085220,"[-60, 7, 20]"
2021-03-16 18:39:43.116470,"[-61, 8, 20]"
2021-03-16 18:39:43.147720,"[-61, 8, 19]"
2021-03-16 18:39:43.178970,"[-61, 8, 19]"
2021-03-16 18:39:43.210220,"[-60, 7, 20]"
2021-03-16 18:39:43.241480,"[-58, 8, 21]"
2021-03-16 18:39:43.272730,"[-59, 8, 22]"
2021-03-16 18:39:43.303980,"[-59, 8, 22]"
2021-03-16 18:39:43.335230,"[-58, 7, 23]"
2021-03-16 18:39:43.366480,"[-58, 7, 23]"
2021-03-16 18:39:43.397730,"[-58, 6, 23]"
2021-03-16 18:39:43.428980,"[-59, 6, 23]"
2021-03-16 18:39:43.460240,"[-58, 7, 24]"
2021-03-16 18:39:43.491490,"[-58, 7, 23]"
2021-03-16 18:39:43.522740,"[-58, 8, 23]"
2021-03-16 18:39:43.553990,"[-58, 8, 24]"
2021-03-16 18:39:43.585240,"[-57, 8, 25]"
2021-03-16 18:39:43.616490,"[-56, 9, 25]"
2021-03-16 18:39:43.647740,"[-55, 9, 26]"
2021-03-16 18:39:43.679000,"[-57, 9, 26]"
2021-03-16 18:39:43.710250,"[-58, 9, 25]"
2021-03-16 18:39:43.741500,"[-58, 9, 24]"
2021-03-16 18:39:43.772750,"[-58, 9, 23]"
2021-03-16 18:39:43.804000,"[-58, 9, 23]"
2021-03-16 18:39:43.835250,"[-58, 10, 24]"
2021-03-16 18:39:43.866500,"[-60, 10, 24]"
2021-03-16 18:39:43.897760,"[-60, 9, 25]"
2021-03-16 18:39:43.929010,"[-57, 8, 24]"
2021-03-16 18:39:43.960260,"[-58, 8, 25]"
2021-03-16 18:39:43.991510,"[-57, 9, 25]"
2021-03-16 18:39:44.022760,"[-55, 10, 28]"
2021-03-16 18:39:44.054010,"[-54, 9, 28]"
2021-03-16 18:39:44.085260,"[-52, 9, 26]"
2021-03-16 18:39:44.116520,"[-61, 12, 27]"
2021-03-16 18:39:44.147770,"[-58, 8, 26]"
2021-03-16 18:39:44.179020,"[-51, 10, 25]"
2021-03-16 18:39:44.210270,"[-52, 11, 25]"
2021-03-16 18:39:44.241520,"[-55, 14, 29]"
2021-03-16 18:39:44.272770,"[-54, 13, 26]"
2021-03-16 18:39:44.304020,"[-58, 13, 25]"
2021-03-16 18:39:44.335280,"[-59, 11, 21]"
2021-03-16 18:39:44.366530,"[-60, 12, 22]"
2021-03-16 18:39:44.397780,"[-63, 9, 20]"
2021-03-16 18:39:44.429030,"[-60, 9, 19]"
2021-03-16 18:39:44.460280,"[-58, 10, 21]"
2021-03-16 18:39:44.491530,"[-58, 10, 22]"
2021-03-16 18:39:44.522780,"[-57, 11, 22]"
2021-03-16 18:39:44.554040,"[-57, 12, 23]"
2021-03-16 18:39:44.585290,"[-56, 12, 23]"
2021-03-16 18:39:44.616540,"[-59, 11, 21]"
2021-03-16 18:39:44.647790,"[-58, 11, 21]"
2021-03-16 18:39:44.679040,"[-60, 9, 20]"
2021-03-16 18:39:44.710290,"[-59, 10, 20]"
2021-03-16 18:39:44.741540,"[-60, 9, 19]"
2021-03-16 18:39:44.772800,"[-60, 9, 19]"
2021-03-16 18:39:44.804050,"[-60, 8, 19]"
2021-03-16 18:39:44.835300,"[-62, 8, 18]"
2021-03-16 18:39:44.866550,"[-62, 7, 17]"
2021-03-16 18:39:44.897800,"[-61, 8, 18]"
2021-03-16 18:39:44.929050,"[-60, 8, 19]"
2021-03-16 18:39:44.960300,"[-57, 9, 21]"
2021-03-16 18:39:44.991560,"[-59, 11, 22]"
2021-03-16 18:39:45.022810,"[-59, 9, 19]"
2021-03-16 18:39:45.054060,"[-60, 9, 17]"
2021-03-16 18:39:45.085310,"[-60, 9, 17]"
2021-03-16 18:39:45.116560,"[-60, 8, 17]"
2021-03-16 18:39:45.147810,"[-59, 9, 17]"
2021-03-16 18:39:45.179060,"[-59, 9, 19]"
2021-03-16 18:39:45.210320,"[-60, 9, 19]"
2021-03-16 18:39:45.241570,"[-59, 8, 18]"
2021-03-16 18:39:45.272820,"[-61, 9, 17]"
2021-03-16 18:39:45.304070,"[-60, 8, 16]"
2021-03-16 18:39:45.335320,"[-61, 8, 16]"
2021-03-16 18:39:45.366570,"[-61, 8, 15]"
2021-03-16 18:39:45.397830,"[-61, 9, 15]"
2021-03-16 18:39:45.429080,"[-60, 8, 16]"
2021-03-16 18:39:45.460330,"[-61, 7, 17]"
2021-03-16 18:39:45.491580,"[-61, 8, 16]"
2021-03-16 18:39:45.522830,"[-58, 7, 14]"
2021-03-16 18:39:45.554080,"[-63, 7, 13]"
2021-03-16 18:39:45.585330,"[-64, 7, 13]"
2021-03-16 18:39:45.616590,"[-62, 6, 13]"
2021-03-16 18:39:45.647840,"[-61, 5, 12]"
2021-03-16 18:39:45.679090,"[-63, 7, 13]"
2021-03-16 18:39:45.710340,"[-64, 7, 13]"
2021-03-16 18:39:45.741590,"[-61, 6, 12]"
2021-03-16 18:39:45.772840,"[-61, 6, 12]"
2021-03-16 18:39:45.804090,"[-63, 8, 12]"
2021-03-16 18:39:45.835350,"[-61, 7, 11]"
2021-03-16 18:39:45.866600,"[-62, 7, 12]"
2021-03-16 18:39:45.897850,"[-61, 7, 12]"
2021-03-16 18:39:45.929100,"[-60, 7, 12]"
2021-03-16 18:39:45.960350,"[-62, 8, 13]"
2021-03-16 18:39:45.991600,"[-61, 8, 12]"
2021-03-16 18:39:46.022850,"[-61, 8, 13]"
2021-03-16 18:39:46.054110,"[-61, 8, 12]"
2021-03-16 18:39:46.085360,"[-61, 7, 12]"
2021-03-16 18:39:46.116610,"[-62, 7, 11]"
2021-03-16 18:39:46.147860,"[-62, 6, 10]"
2021-03-16 18:39:46.179110,"[-63, 6, 9]"
2021-03-16 18:39:46.210360,"[-64, 5, 10]"
2021-03-16 18:39:46.241610,"[-63, 6, 12]"
2021-03-16 18:39:46.272870,"[-63, 6, 13]"
2021-03-16 18:39:46.304120,"[-61, 7, 14]"
2021-03-16 18:39:46.335370,"[-61, 8, 14]"
2021-03-16 18:39:46.366620,"[-60, 8, 14]"
2021-03-16 18:39:46.397870,"[-62, 8, 12]"
2021-03-16 18:39:46.429120,"[-62, 8, 11]"
2021-03-16 18:39:46.460370,"[-62, 8, 10]"
2021-03-16 18:39:46.491630,"[-63, 8, 10]"
2021-03-16 18:39:46.522880,"[-61, 8, 12]"
2021-03-16 18:39:46.554130,"[-61, 7, 12]"
2021-03-16 18:39:46.585380,"[-61, 7, 12]"
2021-03-16 18:39:46.616630,"[-62, 8, 13]"
2021-03-16 18:39:46.647880,"[-62, 8, 13]"
2021-03-16 18:39:46.679130,"[-61, 8, 13]"
2021-03-16 18:39:46.710390,"[-61, 8, 13]"
2021-03-16 18:39:46.741640,"[-61, 8, 12]"
2021-03-16 18:39:46.772890,"[-61, 8, 12]"
2021-03-16 18:39:46.804140,"[-62, 7, 12]"
2021-03-16 18:39:46.835390,"[-62, 7, 12]"
2021-03-16 18:39:46.866640,"[-62, 7, 13]"
2021-03-16 18:39:46.897890,"[-62, 7, 12]"
2021-03-16 18:39:46.929150,"[-62, 7, 12]"
2021-03-16 18:39:46.960400,"[-62, 8, 12]"
2021-03-16 18:39:46.991650,"[-61, 8, 12]"
2021-03-16 18:39:47.022900,"[-62, 8, 12]"
2021-03-16 18:39:47.054150,"[-61, 8, 13]"
2021-03-16 18:39:47.085400,"[-61, 8, 13]"
2021-03-16 18:39:47.116650,"[-61, 9, 13]"
2021-03-16 18:39:47.147910,"[-61, 9, 14]"
2021-03-16 18:39:47.179160,"[-61, 10, 14]"
2021-03-16 18:39:47.210410,"[-60, 9, 14]"
2021-03-16 18:39:47.241660,"[-61, 9, 13]"
2021-03-16 18:39:47.272910,"[-61, 9, 13]"
2021-03-16 18:39:47.304160,"[-61, 8, 13]"
2021-03-16 18:39:47.335410,"[-62, 8, 13]"
2021-03-16 18:39:47.366670,"[-62, 8, 13]"
2021-03-16 18:39:47.397920,"[-61, 8, 14]"
2021-03-16 18:39:47.429170,"[-61, 9, 14]"
2021-03-16 18:39:47.460420,"[-61, 9, 14]"
2021-03-16 18:39:47.491670,"[-61, 9, 14]"
2021-03-16 18:39:47.522920,"[-62, 9, 14]"
2021-03-16 18:39:47.554170,"[-61, 9, 13]"
2021-03-16 18:39:47.585430,"[-61, 9, 13]"
2021-03-16 18:39:47.616680,"[-61, 9, 14]"
2021-03-16 18:39:47.647930,"[-61, 10, 14]"
2021-03-16 18:39:47.679180,"[-61, 10, 14]"
2021-03-16 18:39:47.710430,"[-60, 10, 14]"
2021-03-16 18:39:47.741680,"[-61, 11, 15]"
2021-03-16 18:39:47.772940,"[-60, 11, 15]"
2021-03-16 18:39:47.804190,"[-61, 11, 15]"
2021-03-16 18:39:47.835440,"[-61, 10, 14]"
2021-03-16 18:39:47.866690,"[-60, 10, 15]"
2021-03-16 18:39:47.897940,"[-61, 10, 14]"
2021-03-16 18:39:47.929190,"[-60, 10, 14]"
2021-03-16 18:39:47.960440,"[-61, 10, 14]"
2021-03-16 18:39:47.991700,"[-61, 9, 14]"
2021-03-16 18:39:48.022950,"[-61, 10, 14]"
2021-03-16 18:39:48.054200,"[-61, 10, 14]"
2021-03-16 18:39:48.085450,"[-61, 11, 15]"
2021-03-16 18:39:48.116700,"[-60, 11, 15]"
2021-03-16 18:39:48.147950,"[-60, 11, 15]"
2021-03-16 18:39:48.179200,"[-60, 11, 15]"
2021-03-16 18:39:48.210460,"[-60, 11, 15]"
2021-03-16 18:39:48.241710,"[-60, 11, 15]"
2021-03-16 18:39:48.272960,"[-60, 11, 15]"
2021-03-16 18:39:48.304210,"[-60, 11, 15]"
2021-03-16 18:39:48.335460,"[-60, 11, 15]"
2021-03-16 18:39:48.366710,"[-60, 11, 15]"
2021-03-16 18:39:48.397960,"[-60, 11, 15]"
2021-03-16 18:39:48.429220,"[-60, 10, 15]"
2021-03-16 18:39:48.460470,"[-61, 10, 14]"
2021-03-16 18:39:48.491720,"[-61, 10, 14]"
2021-03-16 18:39:48.522970,"[-61, 10, 14]"
2021-03-16 18:39:48.554220,"[-61, 11, 14]"
2021-03-16 18:39:48.585470,"[-60, 11, 14]"
2021-03-16 18:39:48.616720,"[-61, 11, 14]"
2021-03-16 18:39:48.647980,"[-61, 11, 14]"
2021-03-16 18:39:48.679230,"[-61, 11, 14]"
2021-03-16 18:39:48.710480,"[-60, 11, 14]"
2021-03-16 18:39:48.741730,"[-61, 11, 15]"
2021-03-16 18:39:48.772980,"[-60, 11, 15]"
2021-03-16 18:39:48.804230,"[-60, 11, 15]"
2021-03-16 18:39:48.835480,"[-60, 11, 15]"
2021-03-16 18:39:48.866740,"[-60, 11, 14]"
2021-03-16 18:39:48.897990,"[-61, 10, 14]"
2021-03-16 18:39:48.929240,"[-61, 10, 13]"
2021-03-16 18:39:48.960490,"[-61, 10, 13]"
2021-03-16 18:39:48.991740,"[-62, 10, 13]"
2021-03-16 18:39:49.022990,"[-61, 9, 13]"
2021-03-16 18:39:49.054240,"[-61, 9, 13]"
2021-03-16 18:39:49.085500,"[-61, 10, 13]"
2021-03-16 18:39:49.116750,"[-62, 9, 13]"
2021-03-16 18:39:49.148000,"[-60, 9, 13]"
2021-03-16 18:39:49.179250,"[-61, 11, 14]"
2021-03-16 18:39:49.210500,"[-63, 10, 14]"
2021-03-16 18:39:49.241750,"[-60, 10, 14]"
2021-03-16 18:39:49.273000,"[-61, 9, 13]"
2021-03-16 18:39:49.304260,"[-61, 10, 14]"
2021-03-16 18:39:49.335510,"[-62, 9, 13]"
2021-03-16 18:39:49.366760,"[-60, 10, 14]"
2021-03-16 18:39:49.398010,"[-60, 10, 15]"
2021-03-16 18:39:49.429260,"[-61, 10, 14]"
2021-03-16 18:39:49.460510,"[-61, 10, 14]"
2021-03-16 18:39:49.491760,"[-61, 10, 16]"
2021-03-16 18:39:49.523020,"[-60, 9, 15]"
2021-03-16 18:39:49.554270,"[-60, 10, 16]"
2021-03-16 18:39:49.585520,"[-60, 9, 15]"
2021-03-16 18:39:49.616770,"[-60, 9, 16]"
2021-03-16 18:39:49.648020,"[-60, 9, 16]"
2021-03-16 18:39:49.679270,"[-60, 9, 16]"
2021-03-16 18:39:49.710520,"[-61, 8, 15]"
2021-03-16 18:39:49.741780,"[-62, 8, 15]"
2021-03-16 18:39:49.773030,"[-62, 8, 14]"
2021-03-16 18:39:49.804280,"[-61, 8, 16]"
2021-03-16 18:39:49.835530,"[-60, 8, 16]"
2021-03-16 18:39:49.866780,"[-61, 7, 15]"
2021-03-16 18:39:49.898030,"[-61, 7, 16]"
2021-03-16 18:39:49.929290,"[-61, 7, 16]"
2021-03-16 18:39:49.960540,"[-61, 8, 16]"
2021-03-16 18:39:49.991790,"[-61, 8, 16]"
2021-03-16 18:39:50.023040,"[-61, 8, 16]"
2021-03-16 18:39:50.054290,"[-61, 9, 16]"
2021-03-16 18:39:50.085540,"[-61, 10, 17]"
2021-03-16 18:39:50.116790,"[-60, 11, 17]"
2021-03-16 18:39:50.148050,"[-56, 14, 19]"
2021-03-16 18:39:50.179300,"[-57, 15, 20]"
2021-03-16 18:39:50.210550,"[-55, 14, 19]"
2021-03-16 18:39:50.241800,"[-61, 14, 18]"
2021-03-16 18:39:50.273050,"[-64, 13, 18]"
2021-03-16 18:39:50.304300,"[-63, 8, 15]"
2021-03-16 18:39:50.335550,"[-62, 6, 14]"
2021-03-16 18:39:50.366810,"[-64, 8, 13]"
2021-03-16 18:39:50.398060,"[-61, 10, 13]"
2021-03-16 18:39:50.429310,"[-58, 11, 15]"
2021-03-16 18:39:50.460560,"[-59, 12, 19]"
2021-03-16 18:39:50.491810,"[-61, 12, 20]"
2021-03-16 18:39:50.523060,"[-65, 11, 18]"
2021-03-16 18:39:50.554310,"[-64, 12, 20]"
2021-03-16 18:39:50.585570,"[-59, 12, 22]"
2021-03-16 18:39:50.616820,"[-62, 11, 20]"
2021-03-16 18:39:50.648070,"[-61, 9, 19]"
2021-03-16 18:39:50.679320,"[-63, 8, 19]"
2021-03-16 18:39:50.710570,"[-64, 6, 18]"
2021-03-16 18:39:50.741820,"[-65, 2, 15]"
2021-03-16 18:39:50.773070,"[-65, 1, 16]"
2021-03-16 18:39:50.804330,"[-64, -5, 14]"
2021-03-16 18:39:50.835580,"[-66, -5, 14]"
GSR
2021-03-16 18:39:27.239000,0.970825
2021-03-16 18:39:27.489000,0.970825
2021-03-16 18:39:27.739000,0.9695446
2021-03-16 18:39:27.989000,0.9733856
2021-03-16 18:39:28.239000,0.974666
2021-03-16 18:39:28.489000,0.9721053
2021-03-16 18:39:28.739000,0.966984
2021-03-16 18:39:28.989000,0.9721053
2021-03-16 18:39:29.239000,0.970825
2021-03-16 18:39:29.489000,0.974666
2021-03-16 18:39:29.739000,0.9733856
2021-03-16 18:39:29.989000,0.9695446
2021-03-16 18:39:30.239000,0.970825
2021-03-16 18:39:30.489000,0.9695446
2021-03-16 18:39:30.739000,0.9682643
2021-03-16 18:39:30.989000,0.966984
2021-03-16 18:39:31.239000,0.9657037
2021-03-16 18:39:31.489000,0.9682643
2021-03-16 18:39:31.739000,0.9631431
2021-03-16 18:39:31.989000,0.9618627
2021-03-16 18:39:32.239000,0.9618627
2021-03-16 18:39:32.489000,0.9618627
2021-03-16 18:39:32.739000,0.966984
2021-03-16 18:39:32.989000,0.9631431
2021-03-16 18:39:33.239000,0.9605824
2021-03-16 18:39:33.489000,0.9605824
2021-03-16 18:39:33.739000,0.9605824
2021-03-16 18:39:33.989000,0.9631431
2021-03-16 18:39:34.239000,0.9644234
2021-03-16 18:39:34.489000,0.9593021
2021-03-16 18:39:34.739000,0.9605824
2021-03-16 18:39:34.989000,0.9593021
2021-03-16 18:39:35.239000,0.9644234
2021-03-16 18:39:35.489000,0.9644234
2021-03-16 18:39:35.739000,0.9593021
2021-03-16 18:39:35.989000,0.9580217
2021-03-16 18:39:36.239000,0.9605824
2021-03-16 18:39:36.489000,0.9644234
2021-03-16 18:39:36.739000,0.9618627
2021-03-16 18:39:36.989000,0.9605824
2021-03-16 18:39:37.239000,0.9618627
2021-03-16 18:39:37.489000,0.9605824
2021-03-16 18:39:37.739000,0.9618627
2021-03-16 18:39:37.989000,0.9644234
2021-03-16 18:39:38.239000,0.9567414
2021-03-16 18:39:38.489000,0.9593021
2021-03-16 18:39:38.739000,0.9567414
2021-03-16 18:39:38.989000,0.9605824
2021-03-16 18:39:39.239000,0.9605824
2021-03-16 18:39:39.489000,0.9567414
2021-03-16 18:39:39.739000,0.9554611
2021-03-16 18:39:39.989000,0.9541807
2021-03-16 18:39:40.239000,0.9593021
2021-03-16 18:39:40.489000,0.9605824
2021-03-16 18:39:40.739000,0.9605824
2021-03-16 18:39:40.989000,0.9567414
2021-03-16 18:39:41.239000,0.9580217
2021-03-16 18:39:41.739000,0.9554611
2021-03-16 18:39:41.989000,0.9529004
2021-03-16 18:39:42.239000,0.9554611
2021-03-16 18:39:42.489000,0.9529004
2021-03-16 18:39:42.739000,0.9580217
2021-03-16 18:39:42.989000,0.9554611
2021-03-16 18:39:43.239000,0.95162
2021-03-16 18:39:43.489000,0.9503397
2021-03-16 18:39:43.739000,0.9490594
2021-03-16 18:39:43.989000,0.9541807
2021-03-16 18:39:44.239000,0.95162
2021-03-16 18:39:44.489000,0.9464988
2021-03-16 18:39:44.739000,0.9477791
2021-03-16 18:39:44.989000,0.9439381
2021-03-16 18:39:45.239000,0.9503397
2021-03-16 18:39:45.489000,0.9477791
2021-03-16 18:39:45.739000,0.9503397
2021-03-16 18:39:45.989000,0.9464988
2021-03-16 18:39:46.239000,0.9477791
2021-03-16 18:39:46.489000,0.9477791
2021-03-16 18:39:46.739000,0.9477791
2021-03-16 18:39:46.989000,0.9477791
2021-03-16 18:39:47.239000,0.9439381
2021-03-16 18:39:47.489000,0.9464988
2021-03-16 18:39:47.739000,0.9490594
2021-03-16 18:39:47.989000,0.9477791
2021-03-16 18:39:48.239000,0.9452184
2021-03-16 18:39:48.489000,0.9464988
2021-03-16 18:39:48.739000,0.9452184
2021-03-16 18:39:48.989000,0.9464988
2021-03-16 18:39:49.239000,0.9452184
2021-03-16 18:39:49.489000,0.9439381
Temperature
2021-03-16 18:39:27.422420,30.83
2021-03-16 18:39:29.422510,30.83
2021-03-16 18:39:31.672620,30.83
2021-03-16 18:39:33.422700,30.83
2021-03-16 18:39:35.422790,30.83
2021-03-16 18:39:37.422880,30.83
2021-03-16 18:39:39.422980,30.83
2021-03-16 18:39:41.423070,30.83
2021-03-16 18:39:41.923090,30.83
2021-03-16 18:39:43.423160,30.83
2021-03-16 18:39:45.423250,30.83
2021-03-16 18:39:47.423350,30.83
IBI
2021-03-16 18:39:45.611950,0.4062688
