,Feature,Correlation,P
0,sdnn,0.0744232803427931,0.034979902109229376
1,hr_mad,0.11612592069268453,0.0009781989722517845
2,HRV_RMSSD,0.23108363911001079,3.402965663676543e-11
3,HRV_MedianNN,0.11483215085931855,0.0011151136396324321
4,HRV_MadNN,0.08717227636424256,0.013470556477381993
5,HRV_IQRNN,0.16204345716626897,3.92624258397439e-06
6,HRV_pNN50,0.08048060265799159,0.022563409186149446
7,HRV_HTI,0.1190255721118236,0.0007258486405914679
8,HRV_LF,0.22861601384019387,5.554347268767318e-11
9,HRV_HF,0.29865642085703487,5.23851579700332e-18
10,HRV_VHF,0.3082706479353032,3.871573899614402e-19
11,HRV_LFHF,0.11697176984877304,0.0008972715045968868
12,HRV_LFn,0.18269915765998337,1.8574561853232653e-07
13,HRV_LnHF,0.2727373023120207,3.6559910762707006e-15
14,HRV_SD1SD2,0.09713740747711438,0.0058721456091535605
15,HRV_PIP,0.07650148995686834,0.030185900260816856
16,HRV_PSS,0.08154106202071033,0.020838407043062977
17,HRV_GI,0.11890698543206922,0.0007348553482316346
18,HRV_SI,0.0890248424832892,0.01160931402361841
19,HRV_AI,0.11656626069769163,0.0009352631066713199
20,HRV_SampEn,0.29205475523567603,2.963336294373285e-17
21,HRV_MSE,0.2401874218800966,5.316549931194843e-12
22,HRV_CMSE,0.11825878001816909,0.0007859449226495712
23,HRV_DFA,0.12615968711702003,0.0003386593802625284
24,HRV_CorrDim,0.28010907417459724,6.084884546314946e-16
25,bpm-M-hr_mad,0.13820746491330194,8.523249388636112e-05
26,bpm-D-hr_mad,0.10968011904185007,0.0018545549322156846
27,bpm-D-vlf,0.16507812255319063,2.565237615068077e-06
28,bpm-D-lf,0.06932180137318858,0.049565803444765966
29,bpm-M-HRV_RMSSD,0.2641558788251247,2.7546665505903318e-14
30,bpm-D-HRV_RMSSD,0.1685685813433478,1.5572474710034053e-06
31,bpm-M-HRV_CVNN,0.29919481643392526,4.539068053215143e-18
32,bpm-M-HRV_MedianNN,0.19717274198638818,1.7604742372087e-08
33,bpm-M-HRV_MCVNN,0.10887368817773985,0.002004506987694408
34,bpm-M-HRV_IQRNN,0.1356748188876184,0.00011501824922052792
35,bpm-M-HRV_pNN50,0.13756830634152636,9.197425574316112e-05
36,bpm-M-HRV_pNN20,0.07176477514560799,0.042045383762387444
37,bpm-D-HRV_TINN,0.18943302135343237,6.348559595521453e-08
38,bpm-M-HRV_HTI,0.10127128547534145,0.004070214490227459
39,bpm-M-HRV_LF,0.2331164360802514,2.2632812038313415e-11
40,bpm-D-HRV_LF,0.1993802690986689,1.2093954268626374e-08
41,bpm-D-HRV_HF,0.14926162572823076,2.1676024919957117e-05
42,bpm-D-HRV_VHF,0.12574612223833556,0.0003543518197685799
43,bpm-D-HRV_LFHF,0.1518092661911961,1.5587407172835126e-05
44,bpm-M-HRV_LFn,0.18302287109901147,1.7656085299540843e-07
45,bpm-M-HRV_HFn,0.11466226244392161,0.0011343510315713933
46,bpm-M-HRV_LnHF,0.24213935452761567,3.534967538251346e-12
47,bpm-M-HRV_SampEn,0.2986181756669107,5.292058410616429e-18
48,bpm-D-HRV_SampEn,0.19037783506460856,5.4436695988215934e-08
49,bpm-M-HRV_MSE,0.20119594649077338,8.852231858405896e-09
50,bpm-M-HRV_CMSE,0.11262461440428023,0.0013902074941804531
51,bpm-D-HRV_CMSE,0.09711668588346865,0.005882751036028929
52,bpm-M-HRV_DFA,0.07012954452574677,0.046963477992127606
53,bpm-D-HRV_DFA,0.11505885304061059,0.0010899117398384165
54,bpm-M-HRV_CorrDim,0.23899969185829378,6.803318556263593e-12
55,bpm-D-HRV_CorrDim,0.19265237683825884,3.747420259413285e-08
56,ibi-D-HRV_TINN,0.2731501745742454,3.3113974055001782e-15
57,ibi-M-HRV_LF,0.19664729000984674,1.9238375765116014e-08
58,ibi-D-HRV_LF,0.23157749499546715,3.083049067156587e-11
59,ibi-D-HRV_LFHF,0.18043877527241403,2.6400652072098187e-07
60,ibi-M-HRV_HFn,0.12647372243447447,0.00032717963543100575
61,ibi-D-HRV_SampEn,0.24813976506524696,9.85692388133677e-13
62,ibi-M-HRV_MSE,0.17835392101199773,3.63717715300074e-07
63,ibi-D-HRV_CMSE,0.13241831220568648,0.0001678139331146748
64,ibi-M-HRV_CorrDim,0.24549498132374525,1.7379382868380445e-12
65,ibi-D-HRV_CorrDim,0.20420288842530965,5.246137619491386e-09
66,sdnn-D-hr_mad,0.20999976593470554,1.8704907089769685e-09
67,sdnn-D-HRV_RMSSD,0.2719870270115315,4.3746762026195935e-15
68,sdnn-D-HRV_CVNN,0.3180458973402609,2.4770416589224848e-20
69,sdnn-D-HRV_MCVNN,0.08424065559120239,0.016955303884269395
70,sdnn-D-HRV_IQRNN,0.14086837959124335,6.186162941114836e-05
71,sdnn-D-HRV_pNN50,0.16274900964107036,3.558763919329768e-06
72,sdnn-D-HRV_TINN,0.258578059906629,9.848260577878569e-14
73,sdnn-D-HRV_HTI,0.13289814687657164,0.00015881333050174053
74,sdnn-D-HRV_LF,0.24528258324374713,1.8183972804554486e-12
75,sdnn-D-HRV_LFHF,0.1630314196599716,3.4211004423026117e-06
76,sdnn-M-HRV_HFn,0.09341408532209575,0.008078554749398557
77,sdnn-M-HRV_LnHF,0.23508670086735675,1.5187224803245555e-11
78,sdnn-D-HRV_LnHF,0.22233823898330698,1.8835646589583886e-10
79,sdnn-D-HRV_SD1SD2,0.1008121480446223,0.0042420603412964665
80,sdnn-M-HRV_PAS,0.09934804492657487,0.00483480164504201
81,sdnn-D-HRV_ApEn,0.09236256409649873,0.008823344215178263
82,sdnn-M-HRV_SampEn,0.1634506378295325,3.226108877821605e-06
83,sdnn-D-HRV_SampEn,0.2626342366585996,3.911221636923039e-14
84,sdnn-M-HRV_MSE,0.13668542038682524,0.00010211707177285616
85,sdnn-D-HRV_CMSE,0.15230415585142815,1.4611205027469484e-05
86,sdnn-M-HRV_DFA,0.12273754945610416,0.0004906407203041059
87,sdnn-M-HRV_CorrDim,0.20777161864235635,2.7902906014610273e-09
88,hr_mad-D-breathingrate,0.10438581952715262,0.003061507932688042
89,hr_mad-M-HRV_RMSSD,0.10864553982088115,0.0020489016909316826
90,hr_mad-D-HRV_RMSSD,0.3128510395943616,1.0813655806477392e-19
91,hr_mad-D-HRV_MadNN,0.23477794683597095,1.6170857797222914e-11
92,hr_mad-D-HRV_MCVNN,0.2821816168012059,3.6395611120302926e-16
93,hr_mad-D-HRV_IQRNN,0.29785547709271376,6.479766329428623e-18
94,hr_mad-M-HRV_TINN,0.1741049646379084,6.908065731621372e-07
95,hr_mad-D-HRV_TINN,0.3073998158323983,4.921553235308045e-19
96,hr_mad-M-HRV_HTI,0.1413400825500061,5.841004935427446e-05
97,hr_mad-D-HRV_LF,0.15308491963603366,1.3188475003543362e-05
98,hr_mad-D-HRV_LFHF,0.24359162711296906,2.603165174120342e-12
99,hr_mad-M-HRV_LFn,0.08707096369525183,0.013579540177745172
100,hr_mad-M-HRV_HFn,0.20603535993307265,3.7989509384436705e-09
101,hr_mad-M-HRV_LnHF,0.12207514809061581,0.0005265764746483542
102,hr_mad-D-HRV_LnHF,0.2669351740903213,1.4436313451776224e-14
103,hr_mad-D-HRV_S,0.34999136127110647,1.4921461786703179e-24
104,hr_mad-M-HRV_PAS,0.08757917369070937,0.013040582569034249
105,hr_mad-D-HRV_PAS,0.10419101214107986,0.0031172121492513212
106,hr_mad-D-HRV_ApEn,0.1283522804458675,0.0002657553477948371
107,hr_mad-D-HRV_SampEn,0.17658792236285054,4.7573891107530193e-07
108,hr_mad-M-HRV_MSE,0.1980030190888808,1.5293925302385833e-08
109,hr_mad-M-HRV_CMSE,0.17162646555735683,9.97197829551736e-07
110,hr_mad-D-HRV_DFA,0.16657076799312798,2.074791080401752e-06
111,hr_mad-M-HRV_CorrDim,0.2536618607801764,2.952386340606171e-13
112,hr_mad-D-HRV_CorrDim,0.13316570143263234,0.00015399356869584159
113,breathingrate-D-hr_mad,0.13282821766119457,0.000160096202709644
114,breathingrate-M-HRV_RMSSD,0.19312990554546625,3.462891059367737e-08
115,breathingrate-D-HRV_RMSSD,0.11055756368188813,0.0017031350696259649
116,breathingrate-M-HRV_TINN,0.22082115040799905,2.5164896963726896e-10
117,breathingrate-D-HRV_TINN,0.1544667855676206,1.0987858390725159e-05
118,breathingrate-D-HRV_HTI,0.07351092490101485,0.0372812092202679
119,breathingrate-M-HRV_LF,0.13620857777046674,0.00010802448837995454
120,breathingrate-D-HRV_LF,0.21659745357205146,5.575524964270955e-10
121,breathingrate-M-HRV_HF,0.24256394383135998,3.2331406854931072e-12
122,breathingrate-M-HRV_VHF,0.25126052031113366,5.005037191683574e-13
123,breathingrate-D-HRV_LFHF,0.12320014180550391,0.00046691307467358796
124,breathingrate-M-HRV_LFn,0.15729263457594725,7.5274256427214355e-06
125,breathingrate-M-HRV_LnHF,0.2084944245864272,2.4519679095765155e-09
126,breathingrate-D-HRV_LnHF,0.14141874619749795,5.7852461385976694e-05
127,breathingrate-M-HRV_S,0.218012230954715,4.279002030244179e-10
128,breathingrate-D-HRV_S,0.18060193933377655,2.5742828028360326e-07
129,breathingrate-M-HRV_PAS,0.07811665397436555,0.02685999370799769
130,breathingrate-M-HRV_SampEn,0.15236070280750347,1.4503441879482296e-05
131,breathingrate-D-HRV_SampEn,0.18665761999972377,9.928985038865678e-08
132,breathingrate-M-HRV_MSE,0.08395623475936694,0.017332125714307492
133,breathingrate-D-HRV_CMSE,0.12303126576307678,0.0004754485369103185
134,breathingrate-M-HRV_DFA,0.09623833449099126,0.006348450462466921
135,breathingrate-M-HRV_CorrDim,0.13554296255043607,0.00011681044690889619
136,breathingrate-D-HRV_CorrDim,0.20273078829616692,6.784385842056736e-09
137,vlf-L,0.12018404476954828,0.0006430906202501553
138,vlf-D-p_total,0.06933214405628439,0.04953173441446792
139,lf-D-vlf,0.13088096967254145,0.00019998260209463448
140,lf-D-HRV_VHF,0.09933770286338006,0.004839242265994047
141,hf-D-HRV_VHF,0.08391942164949534,0.017381430346563625
142,HRV_RMSSD-D-hr_mad,0.2653548386983634,2.0865008670225606e-14
143,HRV_RMSSD-D-breathingrate,0.14290737711913523,4.820334442359611e-05
144,HRV_RMSSD-M-HRV_MadNN,0.18661592365349822,9.995413305271441e-08
145,HRV_RMSSD-D-HRV_MadNN,0.21053791168099156,1.6971311734536728e-09
146,HRV_RMSSD-D-HRV_MCVNN,0.17129342206646275,1.0472036472078838e-06
147,HRV_RMSSD-D-HRV_IQRNN,0.176750527981191,4.6417381444315813e-07
148,HRV_RMSSD-D-HRV_TINN,0.19133330799007367,4.655985832145057e-08
149,HRV_RMSSD-M-HRV_HTI,0.16634478336104438,2.142784780134717e-06
150,HRV_RMSSD-D-HRV_HTI,0.24839660393704965,9.325450649090366e-13
151,HRV_RMSSD-D-HRV_LF,0.2767237202681823,1.3957517185405676e-15
152,HRV_RMSSD-M-HRV_HFn,0.1462574052805049,3.1759442627346585e-05
153,HRV_RMSSD-M-HRV_PAS,0.23121724945029928,3.3133478910667975e-11
154,HRV_RMSSD-D-HRV_PAS,0.18645030008917401,1.0263540759140153e-07
155,HRV_RMSSD-D-HRV_SD2d,0.07891137430158926,0.025342855877203373
156,HRV_RMSSD-D-HRV_SD2a,0.08186630499996111,0.020332873262743228
157,HRV_RMSSD-D-HRV_SampEn,0.27186435319298746,4.5047073001409445e-15
158,HRV_RMSSD-M-HRV_MSE,0.07912074970891086,0.02495569158902304
159,HRV_RMSSD-M-HRV_CMSE,0.13725077300584904,9.550753165215317e-05
160,HRV_RMSSD-D-HRV_CMSE,0.19834458044077197,1.4431205814252998e-08
161,HRV_RMSSD-M-HRV_DFA,0.24735062460157634,1.168237624358322e-12
162,HRV_RMSSD-D-HRV_DFA,0.17305757459914745,8.072431766830906e-07
163,HRV_MeanNN-D-HRV_CVNN,0.39216280863976627,6.430616514108326e-31
164,HRV_MeanNN-D-HRV_MedianNN,0.3657919206156891,7.918678010783551e-27
165,HRV_MeanNN-D-HRV_MCVNN,0.1227234758084193,0.0004913798883601153
166,HRV_MeanNN-D-HRV_IQRNN,0.15679435423302196,8.050457575428513e-06
167,HRV_MeanNN-D-HRV_pNN50,0.18491962611787657,1.3093578087554063e-07
168,HRV_MeanNN-D-HRV_pNN20,0.1345141488197087,0.00013172435837225814
169,HRV_MeanNN-M-HRV_HTI,0.07683561548595329,0.02947028617898736
170,HRV_MeanNN-M-HRV_HFn,0.1541044979788033,1.1528289740739734e-05
171,HRV_MeanNN-D-HRV_SD1SD2,0.11720198793668796,0.0008763431899710942
172,HRV_MeanNN-M-HRV_PIP,0.07249940828722681,0.039981767571530526
173,HRV_MeanNN-M-HRV_MSE,0.21100839559237813,1.5584533475896953e-09
174,HRV_MeanNN-M-HRV_DFA,0.13861231380348907,8.120629386714029e-05
175,HRV_MeanNN-D-HRV_DFA,0.07421829804521243,0.035486120645733574
176,HRV_SDNN-D-HRV_SD1d,0.10737306609737159,0.002313452774761785
177,HRV_CVNN-D-HRV_MadNN,0.20510098315978198,4.480241635073346e-09
178,HRV_CVNN-D-HRV_IQRNN,0.176853837712935,4.5696718349150177e-07
179,HRV_CVNN-M-HRV_HFn,0.1785768326796745,3.5153117409300585e-07
180,HRV_CVNN-D-HRV_SD2a,0.07074642935903216,0.04505418079689041
181,HRV_CVSD-D-HRV_SD2d,0.08045819348146674,0.022601159502673267
182,HRV_CVSD-D-HRV_SD2a,0.11974132536645976,0.000673624623068023
183,HRV_MedianNN-D-HRV_pNN20,0.07930947081203124,0.024611111094953494
184,HRV_MedianNN-D-HRV_CVI,0.2932598739783273,2.167004617167093e-17
185,HRV_MedianNN-M-HRV_PIP,0.09271295819911933,0.00856862421957484
186,HRV_MedianNN-M-HRV_C1d,0.12813551447631008,0.0002722479254347346
187,HRV_MedianNN-D-HRV_C1d,0.07927556153330018,0.02467272014945448
188,HRV_MedianNN-D-HRV_C2d,0.091520997870765,0.009462907132587368
189,HRV_MedianNN-D-HRV_Cd,0.11441601955134323,0.0011627784842715224
190,HRV_MadNN-D-HRV_IQRNN,0.17086650703193224,1.11483534080209e-06
191,HRV_MadNN-D-HRV_HTI,0.1256098840796736,0.00035966817198273746
192,HRV_MadNN-D-HRV_LF,0.2636523644437232,3.094249541709196e-14
193,HRV_MadNN-D-HRV_LFHF,0.1603874265882085,4.936713392075308e-06
194,HRV_MadNN-M-HRV_LFn,0.16183480398184974,4.041695755733233e-06
195,HRV_MadNN-D-HRV_LFn,0.14575340037777607,3.3836800517290334e-05
196,HRV_MadNN-M-HRV_LnHF,0.22250201130379252,1.8253414370665738e-10
197,HRV_MadNN-D-HRV_LnHF,0.15660024489402624,8.263448611252401e-06
198,HRV_MadNN-D-HRV_S,0.3049496697366207,9.626033218324416e-19
199,HRV_MadNN-M-HRV_PAS,0.11205215179749697,0.001471101371027406
200,HRV_MadNN-D-HRV_ApEn,0.09021435774201059,0.01053785240037586
201,HRV_MadNN-M-HRV_SampEn,0.09944723969267599,0.004792396463628413
202,HRV_MadNN-D-HRV_SampEn,0.3170269480855074,3.314898526780223e-20
203,HRV_MadNN-M-HRV_MSE,0.07315573116561602,0.03821130241083259
204,HRV_MadNN-D-HRV_CMSE,0.15274502683463909,1.3790820112819567e-05
205,HRV_MadNN-M-HRV_DFA,0.1309199352936275,0.00019910030190651
206,HRV_MadNN-M-HRV_CorrDim,0.1417717335324106,5.5411772087567296e-05
207,HRV_MCVNN-D-HRV_IQRNN,0.08166102418662236,0.02065068795761562
208,HRV_MCVNN-D-HRV_ApEn,0.1478764404113641,2.5874339770085978e-05
209,HRV_MCVNN-D-HRV_SampEn,0.3471500256111842,3.710790781135627e-24
210,HRV_MCVNN-M-HRV_DFA,0.1818469992016123,2.1218207125440847e-07
211,HRV_IQRNN-D-HRV_HTI,0.1960097200066624,2.141849170043641e-08
212,HRV_IQRNN-M-HRV_PAS,0.1814961342691302,2.2409085824145456e-07
213,HRV_IQRNN-D-HRV_ApEn,0.17962741955221306,2.9919852977794745e-07
214,HRV_IQRNN-D-HRV_SampEn,0.3290808920397528,9.819323879754524e-22
215,HRV_IQRNN-M-HRV_DFA,0.19583198826184162,2.2067716163906158e-08
216,HRV_pNN50-M-HRV_HTI,0.13488109297603007,0.00012621068832318147
217,HRV_pNN50-M-HRV_SD1SD2,0.09650365681366839,0.006204402405146279
218,HRV_pNN50-D-HRV_CVI,0.2185809976780067,3.845131183764126e-10
219,HRV_pNN50-M-HRV_C1d,0.09532669716330734,0.006866568132406276
220,HRV_pNN50-D-HRV_C2d,0.07151608669305082,0.04276403797558428
221,HRV_pNN50-D-HRV_ApEn,0.07866790369398767,0.025799581311791678
222,HRV_pNN20-D-HRV_HTI,0.08518364192970823,0.015756818880486884
223,HRV_pNN20-D-HRV_CVI,0.2978851886633331,6.428929935086804e-18
224,HRV_pNN20-D-HRV_PI,0.0823814308537364,0.019554044735542123
225,HRV_pNN20-M-HRV_C1d,0.0967757902542825,0.006059714476274761
226,HRV_pNN20-M-HRV_DFA,0.08722421001857625,0.013414990246765157
227,HRV_TINN-D-hr_mad,0.23679727753602423,1.0709812292637533e-11
228,HRV_TINN-D-breathingrate,0.1786086382563446,3.4982476557580645e-07
229,HRV_TINN-D-HRV_MadNN,0.19753712604241355,1.6551692746052015e-08
230,HRV_TINN-M-HRV_LF,0.09326067158033038,0.008183593642519258
231,HRV_TINN-D-HRV_LF,0.24773153498096717,1.0763305635016356e-12
232,HRV_TINN-M-HRV_HF,0.1477595831238942,2.626180411464323e-05
233,HRV_TINN-M-HRV_VHF,0.2576682526422004,1.208825870555791e-13
234,HRV_TINN-D-HRV_LFHF,0.08745485423123248,0.01317064888896283
235,HRV_TINN-D-HRV_LFn,0.2177054698182534,4.5324402629592305e-10
236,HRV_TINN-M-HRV_HFn,0.2159112041695576,6.335145571682411e-10
237,HRV_TINN-D-HRV_LnHF,0.18271045961913754,1.8541731964222527e-07
238,HRV_TINN-D-HRV_S,0.07972274765072233,0.02387086304919165
239,HRV_TINN-M-HRV_CMSE,0.20876348788214508,2.3365063703230537e-09
240,HRV_TINN-M-HRV_CorrDim,0.16772862052912296,1.7576386523921976e-06
241,HRV_HTI-D-HRV_LF,0.19753234122375413,1.656511650063471e-08
242,HRV_HTI-D-HRV_LFHF,0.21408327975454966,8.88402606970227e-10
243,HRV_HTI-M-HRV_LFn,0.1291642124609611,0.00024270179795608565
244,HRV_HTI-M-HRV_HFn,0.1891350827587169,6.662923776368548e-08
245,HRV_HTI-M-HRV_LnHF,0.18597765572412234,1.1067467306503839e-07
246,HRV_HTI-D-HRV_LnHF,0.31300736984929434,1.0348931967356419e-19
247,HRV_HTI-M-HRV_SD1SD2,0.13800295869393747,8.733716666012713e-05
248,HRV_HTI-D-HRV_SD1SD2,0.07523191183123841,0.033042520197498725
249,HRV_HTI-D-HRV_PAS,0.11089766562880188,0.001647560766234399
250,HRV_HTI-M-HRV_C2d,0.11425216927280281,0.0011820567088103285
251,HRV_HTI-D-HRV_ApEn,0.10097278160692053,0.004181205361320416
252,HRV_HTI-M-HRV_SampEn,0.27476518166837216,2.2445451625353763e-15
253,HRV_HTI-D-HRV_SampEn,0.20996070117187854,1.8837247343127265e-09
254,HRV_HTI-M-HRV_MSE,0.23447273259782342,1.7204313965854167e-11
255,HRV_HTI-M-HRV_CMSE,0.17016533157329713,1.2351100293915117e-06
256,HRV_HTI-D-HRV_DFA,0.178202868820309,3.7220596547935156e-07
257,HRV_HTI-M-HRV_CorrDim,0.2880303616009464,8.336573359321051e-17
258,HRV_HTI-D-HRV_CorrDim,0.17062623497774893,1.154723965248292e-06
259,HRV_LF-D-sdnn,0.2575432322728212,1.2432744836676117e-13
260,HRV_LF-D-hr_mad,0.13234829485258262,0.00016916665976968623
261,HRV_LF-D-breathingrate,0.24718719867445865,1.209986326425895e-12
262,HRV_LF-D-HRV_RMSSD,0.3361004370403632,1.1747282444941774e-22
263,HRV_LF-D-HRV_TINN,0.3171145456100308,3.233040925291178e-20
264,HRV_LF-D-HRV_HTI,0.18451873251666226,1.3951231678296805e-07
265,HRV_LF-M-HRV_S,0.11167274318347685,0.0015270771095916408
266,HRV_LF-M-HRV_PAS,0.22315020312788994,1.6116413113014503e-10
267,HRV_LF-M-HRV_CMSE,0.2634358929188049,3.252575722529089e-14
268,HRV_LF-D-HRV_CMSE,0.1210366864528209,0.0005878733202353286
269,HRV_LF-M-HRV_DFA,0.21661781920735768,5.554394803494577e-10
270,HRV_HF-D-hr_mad,0.20911719696225634,2.192735887091205e-09
271,HRV_HF-D-breathingrate,0.28616474302719164,1.3390337526980887e-16
272,HRV_HF-D-HRV_VHF,0.18280996910778202,1.8255083575548752e-07
273,HRV_HF-M-HRV_S,0.0802846610041997,0.022895350269121036
274,HRV_HF-D-HRV_SampEn,0.1739573171779544,7.061827731234159e-07
275,HRV_HF-D-HRV_CorrDim,0.24611703805691754,1.5218263230599716e-12
276,HRV_VHF-D-breathingrate,0.31604425936851477,4.385739092595289e-20
277,HRV_VHF-D-vlf,0.12399005807975051,0.0004288501576931731
278,HRV_VHF-D-HRV_LF,0.21034961903819843,1.75593202157169e-09
279,HRV_VHF-D-HRV_HF,0.18234861890526838,1.96211125523103e-07
280,HRV_VHF-M-HRV_LFHF,0.2853913757160812,1.6279979341495203e-16
281,HRV_VHF-M-HRV_MSE,0.33955077276920154,4.0539043257190335e-23
282,HRV_LFn-D-hr_mad,0.24020164416771528,5.300832378463175e-12
283,HRV_LFn-D-breathingrate,0.12217214164847434,0.0005211657632101047
284,HRV_LFn-D-HRV_MadNN,0.1552757422087398,9.86693598511441e-06
285,HRV_LFn-D-HRV_IQRNN,0.11402928762528804,0.0012087537918552787
286,HRV_LFn-M-HRV_HFn,0.1418216767924632,5.507441181135345e-05
287,HRV_LFn-D-HRV_S,0.2349590936686574,1.5586455382714898e-11
288,HRV_LFn-D-HRV_CSI_Modified,0.11282997173633957,0.001362200981898784
289,HRV_LFn-M-HRV_PAS,0.18384876898474653,1.5506935621073422e-07
290,HRV_LFn-D-HRV_PAS,0.15515505816601782,1.0026948293190136e-05
291,HRV_LFn-D-HRV_SampEn,0.24852819528453685,9.064131590752661e-13
292,HRV_LFn-M-HRV_CMSE,0.10247280872223041,0.0036499476806664414
293,HRV_LFn-D-HRV_DFA,0.12732066920977364,0.00029800526476808913
294,HRV_HFn-D-sdnn,0.13105707650672715,0.00019602395520362245
295,HRV_HFn-D-breathingrate,0.10693062117430724,0.002412519712211224
296,HRV_HFn-D-HRV_MadNN,0.10687872532078954,0.002424390099314198
297,HRV_HFn-D-HRV_LF,0.1292331283368674,0.00024083381529392688
298,HRV_HFn-D-HRV_VHF,0.1878665927912575,8.178141765926283e-08
299,HRV_HFn-M-HRV_LnHF,0.16123972671522066,4.389078191232263e-06
300,HRV_HFn-M-HRV_S,0.22767176807506115,6.68970729887749e-11
301,HRV_HFn-M-HRV_PAS,0.08251132233398947,0.019361814435635796
302,HRV_HFn-D-HRV_PAS,0.15588639951020192,9.093909068051585e-06
303,HRV_HFn-M-HRV_ApEn,0.15274725210030865,1.3786792736996745e-05
304,HRV_HFn-M-HRV_SampEn,0.3047903188328847,1.005310742312163e-18
305,HRV_HFn-D-HRV_SampEn,0.11408218652413551,0.0012023676438515213
306,HRV_HFn-M-HRV_MSE,0.2400552629484503,5.464800819412202e-12
307,HRV_HFn-M-HRV_CMSE,0.17313661341799025,7.978359842439536e-07
308,HRV_HFn-D-HRV_DFA,0.17712312398365276,4.3868520370471255e-07
309,HRV_HFn-M-HRV_CorrDim,0.2597956030891787,7.476628035746344e-14
310,HRV_HFn-D-HRV_CorrDim,0.13883650678893245,7.905459791739958e-05
311,HRV_LnHF-D-hr_mad,0.2430607421689101,2.9119112234118534e-12
312,HRV_LnHF-D-HRV_MadNN,0.15727197002848778,7.548456481078846e-06
313,HRV_LnHF-D-HRV_S,0.15566864332531072,9.362691605386138e-06
314,HRV_LnHF-D-HRV_CSI_Modified,0.07767677931260011,0.02773290321494139
315,HRV_LnHF-M-HRV_PAS,0.23188769050852848,2.8973353770953777e-11
316,HRV_LnHF-D-HRV_PAS,0.23453344687524363,1.6993720113659007e-11
317,HRV_LnHF-D-HRV_ApEn,0.26217261024357535,4.348156761527894e-14
318,HRV_LnHF-D-HRV_SampEn,0.26342903027869813,3.2577229357666296e-14
319,HRV_LnHF-M-HRV_MSE,0.10058789886489261,0.004328356853910867
320,HRV_LnHF-M-HRV_CMSE,0.16693784788489344,1.9687327384318494e-06
321,HRV_LnHF-D-HRV_CMSE,0.20193268717348223,7.79299280014508e-09
322,HRV_LnHF-M-HRV_DFA,0.2552270385033246,2.086731251855332e-13
323,HRV_LnHF-D-HRV_DFA,0.2155327493843675,6.796240309078604e-10
324,HRV_SD1SD2-D-HRV_CVI,0.23648206599303329,1.1424162511177528e-11
325,HRV_SD1SD2-D-HRV_PIP,0.10248596236926777,0.0036455732300367237
326,HRV_SD1SD2-D-HRV_PAS,0.08347450688655862,0.017987092302540857
327,HRV_SD1SD2-M-HRV_PI,0.08512946144263955,0.015823609567121765
328,HRV_SD1SD2-D-HRV_PI,0.09105916173448816,0.00983114993840755
329,HRV_SD1SD2-M-HRV_ApEn,0.07552482493341658,0.03236372359147252
330,HRV_SD1SD2-M-HRV_DFA,0.10653316297472834,0.002504802457599573
331,HRV_S-D-hr_mad,0.24595601531241323,1.5751008434663917e-12
332,HRV_S-D-HRV_LF,0.2438296484582424,2.4753706465200776e-12
333,HRV_S-M-HRV_CMSE,0.20655220585930265,3.46651117633456e-09
334,HRV_CSI-D-HRV_CMSE,0.14016190074329363,6.739354276571182e-05
335,HRV_CVI-M-HRV_PIP,0.25320598592618443,3.2649457483318323e-13
336,HRV_CVI-D-HRV_PIP,0.149201535536653,2.1843859221742086e-05
337,HRV_CVI-M-HRV_PSS,0.25271017495756176,3.641740409228864e-13
338,HRV_CVI-D-HRV_PSS,0.19186115423619443,4.2693665642827366e-08
339,HRV_CVI-M-HRV_PI,0.18481158533924014,1.3319567775494778e-07
340,HRV_CVI-D-HRV_PI,0.2534794594757369,3.073757611824162e-13
341,HRV_CVI-M-HRV_C1d,0.1690994637420536,1.4421055129091332e-06
342,HRV_CVI-D-HRV_C1d,0.1991287403552663,1.2625304584265609e-08
343,HRV_CVI-M-HRV_C2d,0.10538825854520346,0.00278893276192566
344,HRV_CVI-D-HRV_C2d,0.1603210429908817,4.982004915281698e-06
345,HRV_CVI-M-HRV_Cd,0.15504626705423247,1.0173309524666098e-05
346,HRV_CVI-D-HRV_Cd,0.28089488058600687,5.010092751162122e-16
347,HRV_CVI-D-HRV_ApEn,0.136138479398571,0.00010891957319310244
348,HRV_PIP-D-HRV_C1d,0.09531634372690477,0.006872664054214991
349,HRV_PIP-D-HRV_Cd,0.07803792201741241,0.02701447089221873
350,HRV_PSS-D-HRV_AI,0.12614709539229446,0.00033912742923661017
351,HRV_PSS-D-HRV_C1d,0.07884131166783637,0.025473564830942572
352,HRV_PSS-D-HRV_Cd,0.07831504199430092,0.02647411553417548
353,HRV_PAS-D-hr_mad,0.12872090123028138,0.00025504598589443014
354,HRV_PAS-D-HRV_C2d,0.07049424989499456,0.045826648488579376
355,HRV_PAS-M-HRV_SampEn,0.2322876353594725,2.6739502508565552e-11
356,HRV_PAS-M-HRV_MSE,0.1699462299270372,1.2751822399216717e-06
357,HRV_PAS-D-HRV_CMSE,0.11626962832377732,0.0009639903254362883
358,HRV_PAS-M-HRV_DFA,0.1325019421330375,0.00016621152404267678
359,HRV_PAS-M-HRV_CorrDim,0.24106930318066327,4.423272193392882e-12
360,HRV_GI-M-HRV_SI,0.11334414437651436,0.0012943414361750527
361,HRV_GI-D-HRV_AI,0.07594406842046136,0.03141293792461216
362,HRV_SI-M-HRV_AI,0.17064212582921615,1.1520440702978796e-06
363,HRV_C1d-M-HRV_C1a,0.08625937614915606,0.01448100405344549
364,HRV_C1d-M-HRV_Cd,0.08605621935753996,0.014714740781924305
365,HRV_C2d-M-HRV_DFA,0.11548157038392261,0.0010443183430119693
366,HRV_ApEn-M-HRV_CMSE,0.1223684654410665,0.0005103719175024781
367,HRV_ApEn-M-HRV_DFA,0.08380866031497058,0.017530516594641186
368,HRV_ApEn-D-HRV_DFA,0.12687335968771585,0.0003130960599676447
369,HRV_ApEn-M-HRV_CorrDim,0.2645678521660036,2.5042709988303958e-14
370,HRV_SampEn-D-sdnn,0.3295761146965963,8.4685014104394945e-22
371,HRV_SampEn-D-breathingrate,0.2070736366409599,3.159831713015021e-09
372,HRV_SampEn-D-HRV_RMSSD,0.37348809759216567,5.539931644737317e-28
373,HRV_SampEn-D-HRV_PAS,0.2631762129508608,3.453020134245274e-14
374,HRV_SampEn-M-HRV_CMSE,0.2980368942198777,6.175424646777455e-18
375,HRV_SampEn-D-HRV_CMSE,0.11453234513862602,0.0011492683947182591
376,HRV_SampEn-M-HRV_DFA,0.19828154651575414,1.4586784367337206e-08
377,HRV_SampEn-D-HRV_DFA,0.284816523580917,1.8817503659401843e-16
378,HRV_MSE-D-sdnn,0.23332772904469018,2.1688670921986147e-11
379,HRV_MSE-D-breathingrate,0.1707736925320696,1.1300844428948756e-06
380,HRV_MSE-D-HRV_MadNN,0.22633625628240467,8.690468905908243e-11
381,HRV_MSE-D-HRV_MCVNN,0.30832306955533617,3.815952686243007e-19
382,HRV_MSE-D-HRV_IQRNN,0.2878705205044854,8.683216593285399e-17
383,HRV_MSE-D-HRV_HTI,0.1646348371391324,2.7311060814177587e-06
384,HRV_MSE-D-HRV_LF,0.13676300465704672,0.00010118518795646781
385,HRV_MSE-D-HRV_PAS,0.21971532421935522,3.104055899626388e-10
386,HRV_MSE-D-HRV_SampEn,0.1386337831773684,8.099787325075933e-05
387,HRV_MSE-M-HRV_CMSE,0.24798666605183248,1.018772608033021e-12
388,HRV_MSE-M-HRV_DFA,0.13427309348977357,0.00013546888273621697
389,HRV_MSE-D-HRV_DFA,0.24701829208718926,1.254670140693542e-12
390,HRV_MSE-D-HRV_CorrDim,0.13073878234348787,0.00020323335271878033
391,HRV_CMSE-D-breathingrate,0.11369395400285136,0.0012499694034458807
392,HRV_CMSE-D-HRV_RMSSD,0.2303569067029006,3.93346348985626e-11
393,HRV_CMSE-D-HRV_TINN,0.23676455605780775,1.078188684893263e-11
394,HRV_CMSE-D-HRV_LF,0.16168256279112292,4.127976456455736e-06
395,HRV_CMSE-D-HRV_LFHF,0.19475016753684615,2.6450557354095557e-08
396,HRV_CMSE-D-HRV_LnHF,0.2932144177311212,2.1927972310196758e-17
397,HRV_CMSE-D-HRV_PAS,0.11273858974126061,0.0013745988334040236
398,HRV_CMSE-D-HRV_SampEn,0.1353984481765024,0.00011880487090877817
399,HRV_CMSE-D-HRV_RCMSE,0.18230133603075896,1.9766559680209937e-07
400,HRV_CMSE-D-HRV_DFA,0.21156555922144948,1.408445269046837e-09
401,HRV_CMSE-M-HRV_CorrDim,0.2601538116436671,6.892616135378081e-14
402,HRV_CMSE-D-HRV_CorrDim,0.19023972830015007,5.567686584874648e-08
403,HRV_DFA-D-hr_mad,0.1655118016425633,2.412331085707456e-06
404,HRV_DFA-M-HRV_CorrDim,0.20506655675470814,4.507486483768607e-09
405,HRV_CorrDim-D-sdnn,0.24726463303505358,1.1900259597216843e-12
406,HRV_CorrDim-D-hr_mad,0.09220615578346128,0.008939209511938525
407,HRV_CorrDim-D-breathingrate,0.2312522204893973,3.290274711461444e-11
408,HRV_CorrDim-D-HRV_HTI,0.19517190852126148,2.4649942866444984e-08
409,HRV_CorrDim-D-HRV_HFn,0.12492546115100846,0.0003875209231535565
410,HRV_CorrDim-D-HRV_PAS,0.2515452391008589,4.702762950086643e-13
411,HRV_CorrDim-D-HRV_DFA,0.2674288276087944,1.2860867870838213e-14
412,Alpha_FP1,0.09228320731465298,0.008881962280718842
413,Alpha_F3,0.0897633976621986,0.010933262282551393
414,Alpha_C4,0.25230650858120374,3.979707863868514e-13
415,LowBeta_FP1,0.2912804202077024,3.62053830612885e-17
416,LowBeta_F3,0.2957614549086352,1.1262596565289042e-17
417,LowBeta_C3,0.11979091423687427,0.0006701388096594947
418,LowBeta_PZ,0.20750918270343627,2.924021987867026e-09
419,LowBeta_C4,0.3850957903474166,8.738175427011243e-30
420,LowBeta_F4,0.317681363301344,2.749530443071756e-20
421,LowBeta_FP2,0.20464505365385785,4.854390095401297e-09
422,HighBeta_FP1,0.3030631032681084,1.6065860607328897e-18
423,HighBeta_F3,0.3231673201525511,5.6301873530238156e-21
424,HighBeta_PZ,0.25439871660587665,2.508134046661152e-13
425,HighBeta_C4,0.20964486177477526,1.9941188725882732e-09
426,HighBeta_F4,0.3316397398103226,4.557170979690461e-22
427,Gamma_FP1,0.15455635795368988,1.085801273150076e-05
428,Gamma_PZ,0.1694744414292206,1.365749826922431e-06
429,Gamma_C4,0.4867624624571447,5.323858947054919e-49
430,Gamma_FP2,0.3668055321848994,5.601420585754223e-27
431,Theta_F3,0.1177711356243762,0.0008265274317380527
432,Theta_C4,0.11684251146069671,0.0009092236669034573
433,Fatigue,0.09963331435625761,0.004713755725348815
434,Load,0.11871049043264317,0.0007500076212532011
435,Alpha_FP1-I,0.18021368554164152,2.7334793926674633e-07
436,Alpha_FP1-D-Alpha_F3,0.14413950815148005,4.138982308439658e-05
437,Alpha_FP1-D-Alpha_C3,0.09635429628251438,0.0062851272499534734
438,Alpha_FP1-D-Alpha_FP2,0.24808008727435987,9.984599558650837e-13
439,Alpha_FP1-D-Gamma_F3,0.20066485916690277,9.701123718358026e-09
440,Alpha_FP1-D-Gamma_C3,0.181164685993688,2.3593098354942275e-07
441,Alpha_FP1-M-Gamma_F4,0.3638092987375644,1.5530830784373387e-26
442,Alpha_FP1-D-Gamma_F4,0.21460618359091133,8.067408904012475e-10
443,Alpha_FP1-D-Gamma_FP2,0.18377730196153705,1.5682445269607836e-07
444,Alpha_FP1-D-Theta_F3,0.16311876152412633,3.3795670039040387e-06
445,Alpha_FP1-D-Theta_F4,0.13970698001786214,7.119954626773032e-05
446,Alpha_FP1-D-Theta_FP2,0.09090112950694798,0.009960051983558805
447,Alpha_FP1-M-Fatigue,0.16222311024130204,3.829369939592897e-06
448,Alpha_F3-I,0.28887205649838843,6.72406954859642e-17
449,Alpha_F3-D-Alpha_FP1,0.07482925954989973,0.033995452940916576
450,Alpha_F3-D-Alpha_C3,0.08105194268682456,0.021619239211194862
451,Alpha_F3-D-Alpha_PZ,0.12362441113265496,0.0004460947917163448
452,Alpha_F3-D-Alpha_F4,0.18312278015533218,1.7381573574973048e-07
453,Alpha_F3-D-Alpha_FP2,0.16185101185280903,4.032612436081624e-06
454,Alpha_F3-D-Gamma_FP1,0.07922297514270582,0.024768527006789706
455,Alpha_F3-D-Gamma_F3,0.24282328322508095,3.061351344490089e-12
456,Alpha_F3-M-Gamma_F4,0.3623135899610197,2.5735793609805601e-26
457,Alpha_F3-D-Gamma_FP2,0.12125929921009168,0.0005742002371524066
458,Alpha_F3-D-Theta_FP1,0.11031277096990365,0.001744194863682439
459,Alpha_F3-D-Theta_C3,0.07265487645319658,0.03955622461510508
460,Alpha_F3-D-Theta_PZ,0.18476660833206432,1.341475266682319e-07
461,Alpha_F3-D-Theta_FP2,0.14274951980434408,4.9149327766171016e-05
462,Alpha_F3-M-Fatigue,0.26094481273544734,5.756978925646954e-14
463,Alpha_C3-I,0.2306801438617675,3.688219347527197e-11
464,Alpha_C3-L,0.17484302938807453,6.186478820655673e-07
465,Alpha_C3-D-Alpha_F3,0.12733004104307566,0.00029769648580567565
466,Alpha_C3-D-Theta_F3,0.09656236978723363,0.0061729258000065715
467,Alpha_C3-D-Theta_F4,0.10323477265034042,0.0034042533691738537
468,Alpha_C3-M-Fatigue,0.12943080963195713,0.00023555003520688356
469,Alpha_PZ-I,0.20674215846557575,3.3515820298533804e-09
470,Alpha_PZ-L,0.16894495968881418,1.4747442898425035e-06
471,Alpha_PZ-D-Alpha_F4,0.12451328784169777,0.0004052518128738099
472,Alpha_PZ-D-Alpha_FP2,0.10634715230554449,0.002549088414985504
473,Alpha_PZ-D-Gamma_F3,0.11669390041316405,0.0009231472300398844
474,Alpha_PZ-D-Gamma_FP2,0.1718094261029547,9.707114555064368e-07
475,Alpha_PZ-D-Theta_F3,0.14548633761225752,3.498912907400846e-05
476,Alpha_PZ-D-Theta_PZ,0.12482289315749606,0.00039186428151710706
477,Alpha_PZ-D-Theta_F4,0.11623954548223218,0.000966948788978737
478,Alpha_PZ-D-Theta_FP2,0.08703475369984018,0.013618680049908525
479,Alpha_PZ-M-Fatigue,0.1983327608075189,1.4460255613372067e-08
480,Alpha_C4-D-Alpha_F3,0.1354449896589571,0.00011815908551658015
481,Alpha_C4-D-Alpha_C3,0.10338191373057566,0.00335857615640113
482,Alpha_C4-D-Alpha_F4,0.2187294166644757,3.7391595119088985e-10
483,Alpha_C4-M-Alpha_FP2,0.1133775670031954,0.0012900400372593875
484,Alpha_C4-D-Alpha_FP2,0.245725013892383,1.6547301544664522e-12
485,Alpha_C4-M-Gamma_F3,0.09173758264031096,0.009294483015875259
486,Alpha_C4-D-Gamma_F3,0.24687054896200045,1.2950773459680758e-12
487,Alpha_C4-D-Gamma_C3,0.22917349731247266,4.974809343695243e-11
488,Alpha_C4-D-Gamma_PZ,0.1928933155833621,3.601142241513288e-08
489,Alpha_C4-D-Gamma_F4,0.31111525038752946,1.758037656060426e-19
490,Alpha_C4-M-Gamma_FP2,0.4185984361644004,2.0802612660147775e-35
491,Alpha_C4-D-Gamma_FP2,0.19457880312406187,2.721803433968086e-08
492,Alpha_C4-D-Theta_F3,0.12174877686854182,0.0005451689496578023
493,Alpha_C4-D-Theta_FP2,0.15524006298008142,9.91398703224087e-06
494,Alpha_C4-M-Fatigue,0.40647226843057677,2.678724154013141e-33
495,Alpha_C4-D-Fatigue,0.10702097537230015,0.002391979196286435
496,Alpha_F4-I,0.07274430388509286,0.03931318940746254
497,Alpha_F4-D-Alpha_FP1,0.13116653280423474,0.00019360068513758343
498,Alpha_F4-D-Alpha_F3,0.19850469702615398,1.4043209831424717e-08
499,Alpha_F4-D-Alpha_C3,0.18310850919463387,1.7420531025637006e-07
500,Alpha_F4-D-Alpha_PZ,0.16856964432239074,1.5570083442838237e-06
501,Alpha_F4-D-Gamma_FP1,0.1569616363676778,7.871115109540887e-06
502,Alpha_F4-M-Gamma_F4,0.3834255339137891,1.604071115601397e-29
503,Alpha_F4-D-Gamma_F4,0.27345816222694475,3.0753292081039755e-15
504,Alpha_F4-M-Gamma_FP2,0.26585081935789023,1.8592153360010864e-14
505,Alpha_F4-D-Gamma_FP2,0.22853207241470358,5.647134298363906e-11
506,Alpha_F4-D-Theta_F3,0.1927163829596787,3.708009534279895e-08
507,Alpha_F4-D-Theta_C3,0.16548829440477308,2.420390397399317e-06
508,Alpha_F4-D-Theta_C4,0.26360429976719085,3.1287369698894114e-14
509,Alpha_F4-D-Theta_F4,0.20029129123816397,1.0345011627666946e-08
510,Alpha_F4-D-Theta_FP2,0.09364049921835282,0.00792573483356029
511,Alpha_F4-M-Fatigue,0.2161804066325941,6.025852521195275e-10
512,Alpha_FP2-D-Alpha_FP1,0.2721923316343676,4.165262326603736e-15
513,Alpha_FP2-D-Alpha_F3,0.315524292704225,5.0837839968688445e-20
514,Alpha_FP2-D-Alpha_C3,0.3045477094466048,1.073943341100076e-18
515,Alpha_FP2-D-Alpha_PZ,0.24342607604695388,2.6958353207691647e-12
516,Alpha_FP2-D-Alpha_C4,0.2167860140170735,5.382842487461444e-10
517,Alpha_FP2-M-Gamma_FP1,0.07099091336058233,0.04431577671039252
518,Alpha_FP2-D-Gamma_FP1,0.24215840310864095,3.520854368725318e-12
519,Alpha_FP2-D-Gamma_PZ,0.1305732115784739,0.00020708112879783914
520,Alpha_FP2-M-Gamma_C4,0.14315288826878977,4.6766245345036204e-05
521,Alpha_FP2-M-Gamma_F4,0.38704763349696636,4.277662122104883e-30
522,Alpha_FP2-D-Gamma_F4,0.38104285076982425,3.7924112775460523e-29
523,Alpha_FP2-M-Gamma_FP2,0.2433743443687375,2.7254496490258487e-12
524,Alpha_FP2-D-Gamma_FP2,0.3270745204345998,1.7835395499219545e-21
525,Alpha_FP2-D-Theta_FP1,0.28532536656717034,1.655331096560358e-16
526,Alpha_FP2-D-Theta_F3,0.27501022031724065,2.1154653962506846e-15
527,Alpha_FP2-D-Theta_C3,0.2672001824304132,1.3568374840480953e-14
528,Alpha_FP2-D-Theta_PZ,0.2266483431499129,8.176211007010074e-11
529,Alpha_FP2-D-Theta_C4,0.19400024303806745,2.9971822337404624e-08
530,LowBeta_FP1-D-LowBeta_F3,0.20532388324893797,4.3076712067111205e-09
531,LowBeta_FP1-D-LowBeta_C3,0.1286398093775938,0.00025736665770607523
532,LowBeta_FP1-D-HighBeta_FP1,0.14937285617031792,2.1368581760213912e-05
533,LowBeta_FP1-D-HighBeta_F3,0.24584652757629838,1.6123635707348535e-12
534,LowBeta_FP1-D-Gamma_FP1,0.2324640785968381,2.580834334101472e-11
535,LowBeta_FP1-D-Gamma_C4,0.4143076316778822,1.1873535538749464e-34
536,LowBeta_FP1-D-Gamma_F4,0.46666729307945265,1.1419693296847568e-44
537,LowBeta_FP1-D-Gamma_FP2,0.3211524691681754,1.0118838725131234e-20
538,LowBeta_FP1-D-Theta_FP1,0.13806141780809056,8.673058589504199e-05
539,LowBeta_FP1-D-Theta_F3,0.2621251954979653,4.395660211513731e-14
540,LowBeta_FP1-D-Theta_C3,0.1608973192821323,4.601717402473182e-06
541,LowBeta_F3-D-LowBeta_PZ,0.33305095497480275,2.9749342211333467e-22
542,LowBeta_F3-D-LowBeta_F4,0.14105001957136246,6.0510304056210055e-05
543,LowBeta_F3-D-LowBeta_FP2,0.10401608621016814,0.0031680156250243584
544,LowBeta_F3-D-HighBeta_FP1,0.2263897617184356,8.60011432831873e-11
545,LowBeta_F3-D-HighBeta_F3,0.20207111706025727,7.60818892752892e-09
546,LowBeta_F3-D-HighBeta_C3,0.23557530954665648,1.3748923842951685e-11
547,LowBeta_F3-D-HighBeta_PZ,0.24381630230225765,2.4823707919003227e-12
548,LowBeta_F3-D-HighBeta_F4,0.14675231753342716,2.9837674078662675e-05
549,LowBeta_F3-D-Gamma_PZ,0.1594057509355479,5.648426860113999e-06
550,LowBeta_C3-D-LowBeta_FP2,0.07971432983396767,0.023885746282704987
551,LowBeta_C3-D-HighBeta_FP1,0.1583853822347912,6.49161312988219e-06
552,LowBeta_C3-D-HighBeta_F4,0.07321462672101874,0.03805573299760057
553,LowBeta_C3-D-Gamma_PZ,0.15698372392306445,7.847722031806803e-06
554,LowBeta_C3-M-Gamma_C4,0.41062927758116247,5.180749485236086e-34
555,LowBeta_C3-D-Gamma_C4,0.3811517698363096,3.646701678658412e-29
556,LowBeta_PZ-D-HighBeta_PZ,0.09860241765074153,0.00516455540720359
557,LowBeta_PZ-D-HighBeta_F4,0.22370412430788544,1.4485221002378358e-10
558,LowBeta_C4-M-LowBeta_F4,0.37998072133013144,5.552682692416682e-29
559,LowBeta_C4-D-HighBeta_F3,0.08917272492732055,0.011471055527600103
560,LowBeta_C4-D-HighBeta_C4,0.35228310704792165,7.107627151546902e-25
561,LowBeta_F4-D-HighBeta_PZ,0.09332214771294331,0.008141356722920294
562,LowBeta_F4-D-HighBeta_C4,0.1977436792774957,1.5982156558990067e-08
563,LowBeta_FP2-D-HighBeta_FP1,0.13504507810075086,0.00012381751906838303
564,LowBeta_FP2-D-HighBeta_C3,0.16715926434383563,1.907294787943193e-06
565,LowBeta_FP2-D-Gamma_C4,0.36450706916001663,1.2259426656994719e-26
566,HighBeta_FP1-D-HighBeta_C3,0.2914266199469702,3.486333346978075e-17
567,HighBeta_FP1-D-HighBeta_F4,0.1730728456299867,8.05417348577224e-07
568,HighBeta_F3-D-HighBeta_PZ,0.25355966832162036,3.0197950888001693e-13
569,HighBeta_F3-D-HighBeta_C4,0.19497391051720897,2.5479989429561384e-08
570,HighBeta_F3-D-HighBeta_F4,0.24530039167951412,1.811513471399622e-12
571,HighBeta_C3-D-HighBeta_F4,0.20785604898289234,2.748544981352521e-09
572,HighBeta_PZ-D-HighBeta_C4,0.10275662518299503,0.003556610023290162
573,HighBeta_FP2-D-Gamma_F3,0.16242705014240638,3.722172898808662e-06
574,HighBeta_FP2-D-Gamma_C3,0.19588146354201252,2.188510067761573e-08
575,HighBeta_FP2-D-Gamma_PZ,0.15780912665250835,7.019585565376888e-06
576,HighBeta_FP2-D-Gamma_C4,0.14887962123545978,2.276420705866261e-05
577,Gamma_FP1-D-Alpha_F3,0.11850952981621869,0.000765803382085425
578,Gamma_FP1-D-Alpha_F4,0.11166262532216836,0.0015285962963936571
579,Gamma_FP1-D-Alpha_FP2,0.18949324129652345,6.286785760194324e-08
580,Gamma_FP1-D-Gamma_F3,0.248530121370044,9.060360471746937e-13
581,Gamma_FP1-D-Gamma_F4,0.23758934120848235,9.102040813852842e-12
582,Gamma_FP1-D-Gamma_FP2,0.21889686349990406,3.6230169936301205e-10
583,Gamma_FP1-D-Theta_F3,0.13617777311666157,0.00010841697585009177
584,Gamma_FP1-D-Theta_FP2,0.07768699066222945,0.02771236575156487
585,Gamma_FP1-M-Fatigue,0.250398878926802,6.040546372780696e-13
586,Gamma_F3-D-Alpha_FP1,0.193948256689848,3.023207200293693e-08
587,Gamma_F3-D-Alpha_F3,0.3138980768337289,8.053512046128741e-20
588,Gamma_F3-D-Alpha_C3,0.22160273282823656,2.1681585938004237e-10
589,Gamma_F3-D-Alpha_PZ,0.18187201560689392,2.113567072883767e-07
590,Gamma_F3-D-Alpha_F4,0.08199800571661378,0.020131224970955774
591,Gamma_F3-D-Gamma_FP1,0.22206271381976556,1.9856285703090173e-10
592,Gamma_F3-D-Gamma_PZ,0.10717508642206758,0.0023573130073591612
593,Gamma_F3-M-Gamma_C4,0.18171695414194233,2.165229700111166e-07
594,Gamma_F3-D-Gamma_F4,0.33494280909119467,1.6736333189007068e-22
595,Gamma_F3-D-Gamma_FP2,0.3080304857043343,4.1367877629720274e-19
596,Gamma_F3-D-Theta_C4,0.22787134135837428,6.432275441817133e-11
597,Gamma_F3-D-Theta_FP2,0.08134367018039709,0.021150521277551657
598,Gamma_F3-M-Fatigue,0.10870270537430553,0.0020376942655284227
599,Gamma_F3-D-Fatigue,0.14815031199473067,2.498741568043681e-05
600,Gamma_C3-D-Gamma_PZ,0.12131525183256353,0.0005708103637883263
601,Gamma_C3-M-Gamma_C4,0.24376639951546708,2.508717234150165e-12
602,Gamma_C3-D-Gamma_C4,0.21202134574015302,1.296264506768087e-09
603,Gamma_PZ-D-Gamma_C4,0.31019456863617206,2.271994407226481e-19
604,Gamma_PZ-D-Gamma_F4,0.45058264136586945,2.1027107376279855e-41
605,Gamma_PZ-D-Gamma_FP2,0.322226794344453,7.406491027171378e-21
606,Gamma_C4-D-Alpha_FP2,0.23940351183814162,6.257128836385376e-12
607,Gamma_C4-D-Gamma_FP1,0.095764839594915,0.00661300063824267
608,Gamma_C4-D-Gamma_F3,0.3320202994409843,4.062963799337663e-22
609,Gamma_C4-D-Gamma_C3,0.3396759261875302,3.899449362630937e-23
610,Gamma_C4-M-Fatigue,0.2800225135381031,6.216324364247403e-16
611,Gamma_F4-D-Alpha_FP1,0.3369455626497442,9.063560164838169e-23
612,Gamma_F4-D-Alpha_F3,0.3022336234645024,2.010012972210099e-18
613,Gamma_F4-D-Alpha_C3,0.27720873177336197,1.2401042275718321e-15
614,Gamma_F4-D-Alpha_PZ,0.34920106579967397,1.9242740890732117e-24
615,Gamma_F4-D-Alpha_C4,0.3850230128802195,8.973195839848136e-30
616,Gamma_F4-D-Alpha_F4,0.40622844822999515,2.947589665159031e-33
617,Gamma_F4-D-Alpha_FP2,0.44989937727822393,2.868514957466798e-41
618,Gamma_F4-D-Gamma_FP1,0.43135802265783624,1.0069005863714306e-37
619,Gamma_F4-D-Gamma_FP2,0.25991448288733643,7.277621273769804e-14
620,Gamma_F4-D-Theta_FP1,0.35339616724170814,4.946911357975988e-25
621,Gamma_F4-D-Theta_F3,0.2540137973740227,2.731336894757682e-13
622,Gamma_F4-D-Theta_F4,0.13037896872335816,0.00021168226873176022
623,Gamma_F4-D-Fatigue,0.2926849569518457,2.516423281756273e-17
624,Gamma_F4-D-Load,0.2708187930056092,5.778609430388704e-15
625,Gamma_FP2-D-Alpha_FP1,0.23629443830823413,1.1871275488112988e-11
626,Gamma_FP2-D-Alpha_F3,0.11307109234036564,0.001329980529793013
627,Gamma_FP2-D-Alpha_C3,0.12713013357456682,0.00030434823864864297
628,Gamma_FP2-D-Alpha_PZ,0.1890316160237564,6.775575571088329e-08
629,Gamma_FP2-D-Alpha_C4,0.18942484518959632,6.356991857286654e-08
630,Gamma_FP2-D-Alpha_F4,0.25422570390521754,2.606154152384782e-13
631,Gamma_FP2-D-Alpha_FP2,0.398099598105699,6.835962399819172e-32
632,Gamma_FP2-D-Gamma_FP1,0.3133779903346672,9.32444951324534e-20
633,Gamma_FP2-D-Gamma_F4,0.23907987745015155,6.6912769399400746e-12
634,Gamma_FP2-D-Theta_FP1,0.23331325978019302,2.175207883425928e-11
635,Gamma_FP2-M-Theta_F3,0.28194845950295344,3.85702855830767e-16
636,Gamma_FP2-D-Theta_F3,0.07964200423778536,0.02401395388902902
637,Gamma_FP2-D-Fatigue,0.17001223761088036,1.2629803306829485e-06
638,Gamma_FP2-D-Load,0.15446903211258245,1.0984583746444862e-05
639,Theta_FP1-D-Alpha_F3,0.1704995593755212,1.1763021682252298e-06
640,Theta_FP1-D-Alpha_C3,0.1118107548340058,0.0015064929294103524
641,Theta_FP1-D-Alpha_C4,0.07526253790372525,0.03297098256039053
642,Theta_FP1-D-Alpha_FP2,0.1829470098118475,1.786731244259774e-07
643,Theta_FP1-D-Gamma_F3,0.15884137360497216,6.100927726553954e-06
644,Theta_FP1-D-Gamma_C3,0.13164663378912578,0.00018329981799298758
645,Theta_FP1-D-Gamma_FP2,0.1657608920224705,2.3284968240904302e-06
646,Theta_FP1-D-Theta_F3,0.2179321804905519,4.3437737165134535e-10
647,Theta_FP1-D-Theta_C3,0.10685384943694898,0.0024300989759148467
648,Theta_FP1-D-Theta_FP2,0.11128875464477195,0.001585716425257654
649,Theta_F3-D-Alpha_F4,0.22159039818664494,2.17327187563173e-10
650,Theta_F3-D-Alpha_FP2,0.24133200756436302,4.18682614714867e-12
651,Theta_F3-D-Gamma_F3,0.2829963974673062,2.970199616540907e-16
652,Theta_F3-D-Gamma_F4,0.16131640152145246,4.3427668025087905e-06
653,Theta_F3-D-Gamma_FP2,0.12435622112504242,0.0004122053808914613
654,Theta_F3-D-Theta_C3,0.09004938002746538,0.010681010328723083
655,Theta_F3-D-Theta_PZ,0.17954422697251748,3.030524875688819e-07
656,Theta_F3-D-Theta_C4,0.10349553758068003,0.003323685691564311
657,Theta_F3-D-Theta_FP2,0.23439782355420963,1.7467661123695347e-11
658,Theta_C3-L,0.1562082188560164,8.71011451021723e-06
659,Theta_C3-D-Alpha_F3,0.15020575099268185,1.9194642709422764e-05
660,Theta_C3-D-Alpha_F4,0.08438760883643286,0.016763435910763527
661,Theta_C3-D-Alpha_FP2,0.11507870154453262,0.0010877304540811324
662,Theta_C3-D-Theta_F3,0.15345252161664663,1.2565251898308436e-05
663,Theta_C3-D-Theta_PZ,0.07781162155770632,0.02746275630731522
664,Theta_C3-D-Theta_F4,0.13025810615292355,0.00021459338879674204
665,Theta_C3-D-Theta_FP2,0.10518841734130026,0.0028414383419962
666,Theta_C3-M-Fatigue,0.17035215657383868,1.2018986434915209e-06
667,Theta_PZ-D-Alpha_FP1,0.07937947766293524,0.024484337844157312
668,Theta_PZ-D-Alpha_F3,0.20267684973450006,6.848356665951932e-09
669,Theta_PZ-D-Alpha_C3,0.22343199103400402,1.5265397172407398e-10
670,Theta_PZ-D-Alpha_C4,0.10777284148977001,0.0022271529217612078
671,Theta_PZ-D-Alpha_FP2,0.14426041716173857,4.077274815535386e-05
672,Theta_PZ-D-Gamma_FP1,0.11312395062673619,0.0013230116430821956
673,Theta_PZ-D-Gamma_F3,0.12195526671071974,0.0005333361636822854
674,Theta_PZ-D-Gamma_F4,0.25397576383622955,2.754420724199639e-13
675,Theta_PZ-D-Gamma_FP2,0.2224872355528436,1.8305215444450165e-10
676,Theta_PZ-D-Theta_F3,0.18598887845412143,1.1047692101877531e-07
677,Theta_PZ-D-Theta_C3,0.16084782829284533,4.633254964565311e-06
678,Theta_PZ-D-Theta_C4,0.0938576677307496,0.007781588671707011
679,Theta_PZ-D-Theta_F4,0.14192207001200874,5.4402135704642936e-05
680,Theta_PZ-D-Theta_FP2,0.08218578700691304,0.019846724397676256
681,Theta_PZ-M-Fatigue,0.2125224280959763,1.182963843900669e-09
682,Theta_C4-D-Alpha_F3,0.14462161939382712,3.898078817574429e-05
683,Theta_C4-D-Alpha_C3,0.12179594468545511,0.0005424447090200333
684,Theta_C4-D-Alpha_FP2,0.17564264418192171,5.48665358939618e-07
685,Theta_C4-D-Gamma_FP2,0.1872502228039458,9.029768674843521e-08
686,Theta_C4-D-Theta_F3,0.1232738040681472,0.00046323486014113695
687,Theta_C4-D-Theta_C3,0.08576561837277673,0.015054852085947748
688,Theta_C4-D-Theta_FP2,0.1892814212872605,6.506681468712215e-08
689,Theta_C4-M-Fatigue,0.3888723052457118,2.1842744798004503e-30
690,Theta_F4-D-Alpha_C3,0.09008595454360144,0.010649125043951912
691,Theta_F4-M-Fatigue,0.30806305521120614,4.0997973860733744e-19
692,Theta_FP2-D-Alpha_F3,0.2324345133376737,2.596213017939604e-11
693,Theta_FP2-D-Alpha_C3,0.20736051251952886,3.0025236023794615e-09
694,Theta_FP2-D-Alpha_PZ,0.14664269713417216,3.025357726020923e-05
695,Theta_FP2-D-Gamma_FP1,0.1559826095011907,8.97751288878154e-06
696,Theta_FP2-D-Gamma_F4,0.29853288035111214,5.4134202173310626e-18
697,Theta_FP2-D-Gamma_FP2,0.24261681114137917,3.1973720422850643e-12
698,Theta_FP2-D-Theta_F3,0.2169377170488005,5.232545607164432e-10
699,Theta_FP2-D-Theta_C3,0.18480915678138277,1.3324690637250596e-07
700,Theta_FP2-D-Theta_PZ,0.11171498890816134,0.0015207489416411157
701,Theta_FP2-M-Fatigue,0.16415478255954918,2.9223065668778e-06
702,Fatigue-D-Alpha_FP1,0.0827900390230599,0.018954888100716223
703,Fatigue-D-Alpha_F3,0.16504502768989837,2.5772799574226376e-06
704,Fatigue-D-Alpha_C3,0.14606492396343723,3.2538097168034983e-05
705,Fatigue-D-Alpha_C4,0.12152618098187429,0.0005581978086616853
706,Fatigue-D-Alpha_FP2,0.11891005616310105,0.0007346208239897148
707,Fatigue-D-Gamma_FP1,0.10656908263382622,0.0024963319630570023
708,Fatigue-D-Gamma_F4,0.25761417254612334,1.2236108655675467e-13
709,Fatigue-D-Gamma_FP2,0.18478099533271458,1.3384234224384126e-07
710,Fatigue-D-Load,0.11142456919709533,0.0015647435637446206
711,neutral,0.11603793165080539,0.0009869938985037647
