Subject,Lecture,Ch1,Ch2,Cor,Band
DJ02,Desi,FP1,F3,0.8775116890484189,Theta
DJ02,Desi,FP1,C3,0.0480365790228035,Theta
DJ02,Desi,FP1,PZ,0.0360105030392936,Theta
DJ02,Desi,FP1,C4,0.0612611300922391,Theta
DJ02,Desi,FP1,F4,0.7592161489738272,Theta
DJ02,Desi,FP1,FP2,0.7430811942060206,Theta
DJ02,Desi,F3,C3,0.1032564667855133,Theta
DJ02,Desi,F3,PZ,0.0028700721878654,Theta
DJ02,Desi,F3,C4,0.0280201348683875,Theta
DJ02,Desi,F3,F4,0.6290709687193206,Theta
DJ02,Desi,F3,FP2,0.5299671461531175,Theta
DJ02,Desi,C3,PZ,0.303259174573312,Theta
DJ02,Desi,C3,C4,0.1547583117228117,Theta
DJ02,Desi,C3,F4,0.2298404368272526,Theta
DJ02,Desi,C3,FP2,0.1356300524589448,Theta
DJ02,Desi,PZ,C4,0.3326516293743701,Theta
DJ02,Desi,PZ,F4,0.1562317973898259,Theta
DJ02,Desi,PZ,FP2,0.18521155740731,Theta
DJ02,Desi,C4,F4,0.3755528031261159,Theta
DJ02,Desi,C4,FP2,0.4369704983754958,Theta
DJ02,Desi,F4,FP2,0.9699930181560864,Theta
DJ02,Desi,FP1,F3,0.8076651940902417,Alpha
DJ02,Desi,FP1,C3,0.0324299754043078,Alpha
DJ02,Desi,FP1,PZ,0.1020548822384796,Alpha
DJ02,Desi,FP1,C4,0.0900702531767494,Alpha
DJ02,Desi,FP1,F4,0.7236664922397263,Alpha
DJ02,Desi,FP1,FP2,0.7149351848791051,Alpha
DJ02,Desi,F3,C3,0.1570790634596512,Alpha
DJ02,Desi,F3,PZ,0.0125028733762321,Alpha
DJ02,Desi,F3,C4,0.0142443881320295,Alpha
DJ02,Desi,F3,F4,0.5560116320279435,Alpha
DJ02,Desi,F3,FP2,0.4353349450873905,Alpha
DJ02,Desi,C3,PZ,0.2212213162925829,Alpha
DJ02,Desi,C3,C4,0.0873344517950468,Alpha
DJ02,Desi,C3,F4,0.1957582452511947,Alpha
DJ02,Desi,C3,FP2,0.0838616407686069,Alpha
DJ02,Desi,PZ,C4,0.3129526058308881,Alpha
DJ02,Desi,PZ,F4,0.2407246224360682,Alpha
DJ02,Desi,PZ,FP2,0.2674272433805195,Alpha
DJ02,Desi,C4,F4,0.5082433180603378,Alpha
DJ02,Desi,C4,FP2,0.5745540208818223,Alpha
DJ02,Desi,F4,FP2,0.9617770902040887,Alpha
DJ02,Desi,FP1,F3,0.8756098841981994,Beta
DJ02,Desi,FP1,C3,0.0698482366279379,Beta
DJ02,Desi,FP1,PZ,0.0257376071954132,Beta
DJ02,Desi,FP1,C4,0.0136791430565437,Beta
DJ02,Desi,FP1,F4,0.7356698317909887,Beta
DJ02,Desi,FP1,FP2,0.668031288403676,Beta
DJ02,Desi,F3,C3,0.1872341805073881,Beta
DJ02,Desi,F3,PZ,0.0246218737150449,Beta
DJ02,Desi,F3,C4,0.0381569579190843,Beta
DJ02,Desi,F3,F4,0.5591890384343138,Beta
DJ02,Desi,F3,FP2,0.4151249467882569,Beta
DJ02,Desi,C3,PZ,0.2404311270120751,Beta
DJ02,Desi,C3,C4,0.0292871476761417,Beta
DJ02,Desi,C3,F4,0.1732879414855673,Beta
DJ02,Desi,C3,FP2,0.0729767516497144,Beta
DJ02,Desi,PZ,C4,0.2693817442183669,Beta
DJ02,Desi,PZ,F4,0.1341169656916964,Beta
DJ02,Desi,PZ,FP2,0.1468860530425777,Beta
DJ02,Desi,C4,F4,0.2921996223054008,Beta
DJ02,Desi,C4,FP2,0.3963813646871767,Beta
DJ02,Desi,F4,FP2,0.9602571739707167,Beta
DJ02,Prog,FP1,F3,0.8775116890484189,Theta
DJ02,Prog,FP1,C3,0.0480365790228035,Theta
DJ02,Prog,FP1,PZ,0.0360105030392936,Theta
DJ02,Prog,FP1,C4,0.0612611300922391,Theta
DJ02,Prog,FP1,F4,0.7592161489738272,Theta
DJ02,Prog,FP1,FP2,0.7430811942060206,Theta
DJ02,Prog,F3,C3,0.1032564667855133,Theta
DJ02,Prog,F3,PZ,0.0028700721878654,Theta
DJ02,Prog,F3,C4,0.0280201348683875,Theta
DJ02,Prog,F3,F4,0.6290709687193206,Theta
DJ02,Prog,F3,FP2,0.5299671461531175,Theta
DJ02,Prog,C3,PZ,0.303259174573312,Theta
DJ02,Prog,C3,C4,0.1547583117228117,Theta
DJ02,Prog,C3,F4,0.2298404368272526,Theta
DJ02,Prog,C3,FP2,0.1356300524589448,Theta
DJ02,Prog,PZ,C4,0.3326516293743701,Theta
DJ02,Prog,PZ,F4,0.1562317973898259,Theta
DJ02,Prog,PZ,FP2,0.18521155740731,Theta
DJ02,Prog,C4,F4,0.3755528031261159,Theta
DJ02,Prog,C4,FP2,0.4369704983754958,Theta
DJ02,Prog,F4,FP2,0.9699930181560864,Theta
DJ02,Prog,FP1,F3,0.8076651940902417,Alpha
DJ02,Prog,FP1,C3,0.0324299754043078,Alpha
DJ02,Prog,FP1,PZ,0.1020548822384796,Alpha
DJ02,Prog,FP1,C4,0.0900702531767494,Alpha
DJ02,Prog,FP1,F4,0.7236664922397263,Alpha
DJ02,Prog,FP1,FP2,0.7149351848791051,Alpha
DJ02,Prog,F3,C3,0.1570790634596512,Alpha
DJ02,Prog,F3,PZ,0.0125028733762321,Alpha
DJ02,Prog,F3,C4,0.0142443881320295,Alpha
DJ02,Prog,F3,F4,0.5560116320279435,Alpha
DJ02,Prog,F3,FP2,0.4353349450873905,Alpha
DJ02,Prog,C3,PZ,0.2212213162925829,Alpha
DJ02,Prog,C3,C4,0.0873344517950468,Alpha
DJ02,Prog,C3,F4,0.1957582452511947,Alpha
DJ02,Prog,C3,FP2,0.0838616407686069,Alpha
DJ02,Prog,PZ,C4,0.3129526058308881,Alpha
DJ02,Prog,PZ,F4,0.2407246224360682,Alpha
DJ02,Prog,PZ,FP2,0.2674272433805195,Alpha
DJ02,Prog,C4,F4,0.5082433180603378,Alpha
DJ02,Prog,C4,FP2,0.5745540208818223,Alpha
DJ02,Prog,F4,FP2,0.9617770902040887,Alpha
DJ02,Prog,FP1,F3,0.8756098841981994,Beta
DJ02,Prog,FP1,C3,0.0698482366279379,Beta
DJ02,Prog,FP1,PZ,0.0257376071954132,Beta
DJ02,Prog,FP1,C4,0.0136791430565437,Beta
DJ02,Prog,FP1,F4,0.7356698317909887,Beta
DJ02,Prog,FP1,FP2,0.668031288403676,Beta
DJ02,Prog,F3,C3,0.1872341805073881,Beta
DJ02,Prog,F3,PZ,0.0246218737150449,Beta
DJ02,Prog,F3,C4,0.0381569579190843,Beta
DJ02,Prog,F3,F4,0.5591890384343138,Beta
DJ02,Prog,F3,FP2,0.4151249467882569,Beta
DJ02,Prog,C3,PZ,0.2404311270120751,Beta
DJ02,Prog,C3,C4,0.0292871476761417,Beta
DJ02,Prog,C3,F4,0.1732879414855673,Beta
DJ02,Prog,C3,FP2,0.0729767516497144,Beta
DJ02,Prog,PZ,C4,0.2693817442183669,Beta
DJ02,Prog,PZ,F4,0.1341169656916964,Beta
DJ02,Prog,PZ,FP2,0.1468860530425777,Beta
DJ02,Prog,C4,F4,0.2921996223054008,Beta
DJ02,Prog,C4,FP2,0.3963813646871767,Beta
DJ02,Prog,F4,FP2,0.9602571739707167,Beta
DJ02,Robo,FP1,F3,0.8775116890484189,Theta
DJ02,Robo,FP1,C3,0.0480365790228035,Theta
DJ02,Robo,FP1,PZ,0.0360105030392936,Theta
DJ02,Robo,FP1,C4,0.0612611300922391,Theta
DJ02,Robo,FP1,F4,0.7592161489738272,Theta
DJ02,Robo,FP1,FP2,0.7430811942060206,Theta
DJ02,Robo,F3,C3,0.1032564667855133,Theta
DJ02,Robo,F3,PZ,0.0028700721878654,Theta
DJ02,Robo,F3,C4,0.0280201348683875,Theta
DJ02,Robo,F3,F4,0.6290709687193206,Theta
DJ02,Robo,F3,FP2,0.5299671461531175,Theta
DJ02,Robo,C3,PZ,0.303259174573312,Theta
DJ02,Robo,C3,C4,0.1547583117228117,Theta
DJ02,Robo,C3,F4,0.2298404368272526,Theta
DJ02,Robo,C3,FP2,0.1356300524589448,Theta
DJ02,Robo,PZ,C4,0.3326516293743701,Theta
DJ02,Robo,PZ,F4,0.1562317973898259,Theta
DJ02,Robo,PZ,FP2,0.18521155740731,Theta
DJ02,Robo,C4,F4,0.3755528031261159,Theta
DJ02,Robo,C4,FP2,0.4369704983754958,Theta
DJ02,Robo,F4,FP2,0.9699930181560864,Theta
DJ02,Robo,FP1,F3,0.8076651940902417,Alpha
DJ02,Robo,FP1,C3,0.0324299754043078,Alpha
DJ02,Robo,FP1,PZ,0.1020548822384796,Alpha
DJ02,Robo,FP1,C4,0.0900702531767494,Alpha
DJ02,Robo,FP1,F4,0.7236664922397263,Alpha
DJ02,Robo,FP1,FP2,0.7149351848791051,Alpha
DJ02,Robo,F3,C3,0.1570790634596512,Alpha
DJ02,Robo,F3,PZ,0.0125028733762321,Alpha
DJ02,Robo,F3,C4,0.0142443881320295,Alpha
DJ02,Robo,F3,F4,0.5560116320279435,Alpha
DJ02,Robo,F3,FP2,0.4353349450873905,Alpha
DJ02,Robo,C3,PZ,0.2212213162925829,Alpha
DJ02,Robo,C3,C4,0.0873344517950468,Alpha
DJ02,Robo,C3,F4,0.1957582452511947,Alpha
DJ02,Robo,C3,FP2,0.0838616407686069,Alpha
DJ02,Robo,PZ,C4,0.3129526058308881,Alpha
DJ02,Robo,PZ,F4,0.2407246224360682,Alpha
DJ02,Robo,PZ,FP2,0.2674272433805195,Alpha
DJ02,Robo,C4,F4,0.5082433180603378,Alpha
DJ02,Robo,C4,FP2,0.5745540208818223,Alpha
DJ02,Robo,F4,FP2,0.9617770902040887,Alpha
DJ02,Robo,FP1,F3,0.8756098841981994,Beta
DJ02,Robo,FP1,C3,0.0698482366279379,Beta
DJ02,Robo,FP1,PZ,0.0257376071954132,Beta
DJ02,Robo,FP1,C4,0.0136791430565437,Beta
DJ02,Robo,FP1,F4,0.7356698317909887,Beta
DJ02,Robo,FP1,FP2,0.668031288403676,Beta
DJ02,Robo,F3,C3,0.1872341805073881,Beta
DJ02,Robo,F3,PZ,0.0246218737150449,Beta
DJ02,Robo,F3,C4,0.0381569579190843,Beta
DJ02,Robo,F3,F4,0.5591890384343138,Beta
DJ02,Robo,F3,FP2,0.4151249467882569,Beta
DJ02,Robo,C3,PZ,0.2404311270120751,Beta
DJ02,Robo,C3,C4,0.0292871476761417,Beta
DJ02,Robo,C3,F4,0.1732879414855673,Beta
DJ02,Robo,C3,FP2,0.0729767516497144,Beta
DJ02,Robo,PZ,C4,0.2693817442183669,Beta
DJ02,Robo,PZ,F4,0.1341169656916964,Beta
DJ02,Robo,PZ,FP2,0.1468860530425777,Beta
DJ02,Robo,C4,F4,0.2921996223054008,Beta
DJ02,Robo,C4,FP2,0.3963813646871767,Beta
DJ02,Robo,F4,FP2,0.9602571739707167,Beta
DJ03,Desi,FP1,F3,0.7597787731194102,Theta
DJ03,Desi,FP1,C3,0.6017215548528734,Theta
DJ03,Desi,FP1,PZ,0.6771301211664122,Theta
DJ03,Desi,FP1,C4,0.8973905002040421,Theta
DJ03,Desi,FP1,F4,0.7273883266314471,Theta
DJ03,Desi,FP1,FP2,0.9811556053769506,Theta
DJ03,Desi,F3,C3,0.525875948437652,Theta
DJ03,Desi,F3,PZ,0.3595883643783805,Theta
DJ03,Desi,F3,C4,0.5503999100252714,Theta
DJ03,Desi,F3,F4,0.568203594183152,Theta
DJ03,Desi,F3,FP2,0.8488503845959621,Theta
DJ03,Desi,C3,PZ,0.6572221673224359,Theta
DJ03,Desi,C3,C4,0.6637284278505522,Theta
DJ03,Desi,C3,F4,0.25687767444987486,Theta
DJ03,Desi,C3,FP2,0.6320750278565769,Theta
DJ03,Desi,PZ,C4,0.8557036567105889,Theta
DJ03,Desi,PZ,F4,0.2406035902799933,Theta
DJ03,Desi,PZ,FP2,0.6328923751907,Theta
DJ03,Desi,C4,F4,0.5528277721112242,Theta
DJ03,Desi,C4,FP2,0.8474618618869336,Theta
DJ03,Desi,F4,FP2,0.7111048047258182,Theta
DJ03,Desi,FP1,F3,0.5742700312182498,Alpha
DJ03,Desi,FP1,C3,0.40775200564927455,Alpha
DJ03,Desi,FP1,PZ,0.528114210521888,Alpha
DJ03,Desi,FP1,C4,0.8103748854170487,Alpha
DJ03,Desi,FP1,F4,0.5845590711481378,Alpha
DJ03,Desi,FP1,FP2,0.9638152558829685,Alpha
DJ03,Desi,F3,C3,0.35992438955957984,Alpha
DJ03,Desi,F3,PZ,0.14309708505292176,Alpha
DJ03,Desi,F3,C4,0.31018927117656947,Alpha
DJ03,Desi,F3,F4,0.3503072401888908,Alpha
DJ03,Desi,F3,FP2,0.7235781724354324,Alpha
DJ03,Desi,C3,PZ,0.3785505202446591,Alpha
DJ03,Desi,C3,C4,0.4769390133224193,Alpha
DJ03,Desi,C3,F4,0.13292984864973284,Alpha
DJ03,Desi,C3,FP2,0.4498168655118071,Alpha
DJ03,Desi,PZ,C4,0.7412396052540724,Alpha
DJ03,Desi,PZ,F4,0.058949254775036694,Alpha
DJ03,Desi,PZ,FP2,0.4649287990270209,Alpha
DJ03,Desi,C4,F4,0.3643208050001443,Alpha
DJ03,Desi,C4,FP2,0.7284695603110669,Alpha
DJ03,Desi,F4,FP2,0.551663566673437,Alpha
DJ03,Desi,FP1,F3,0.34748019051792006,Beta
DJ03,Desi,FP1,C3,0.2577485706099372,Beta
DJ03,Desi,FP1,PZ,0.40254464691444053,Beta
DJ03,Desi,FP1,C4,0.7476264432608699,Beta
DJ03,Desi,FP1,F4,0.5558490320228984,Beta
DJ03,Desi,FP1,FP2,0.9385767328619643,Beta
DJ03,Desi,F3,C3,0.2642421903988824,Beta
DJ03,Desi,F3,PZ,0.0530999540543002,Beta
DJ03,Desi,F3,C4,0.12022216756684115,Beta
DJ03,Desi,F3,F4,0.0892855760394073,Beta
DJ03,Desi,F3,FP2,0.5231479392118223,Beta
DJ03,Desi,C3,PZ,0.26556694909714934,Beta
DJ03,Desi,C3,C4,0.26458751953809867,Beta
DJ03,Desi,C3,F4,0.023983512737496798,Beta
DJ03,Desi,C3,FP2,0.29645788013517954,Beta
DJ03,Desi,PZ,C4,0.646943257809422,Beta
DJ03,Desi,PZ,F4,0.0207322229558958,Beta
DJ03,Desi,PZ,FP2,0.33392967279872277,Beta
DJ03,Desi,C4,F4,0.3520307636557982,Beta
DJ03,Desi,C4,FP2,0.626002850815326,Beta
DJ03,Desi,F4,FP2,0.46677780110380496,Beta
DJ03,Prog,FP1,F3,0.7597787731194102,Theta
DJ03,Prog,FP1,C3,0.6017215548528734,Theta
DJ03,Prog,FP1,PZ,0.6771301211664122,Theta
DJ03,Prog,FP1,C4,0.8973905002040421,Theta
DJ03,Prog,FP1,F4,0.7273883266314471,Theta
DJ03,Prog,FP1,FP2,0.9811556053769506,Theta
DJ03,Prog,F3,C3,0.525875948437652,Theta
DJ03,Prog,F3,PZ,0.3595883643783805,Theta
DJ03,Prog,F3,C4,0.5503999100252714,Theta
DJ03,Prog,F3,F4,0.568203594183152,Theta
DJ03,Prog,F3,FP2,0.8488503845959621,Theta
DJ03,Prog,C3,PZ,0.6572221673224359,Theta
DJ03,Prog,C3,C4,0.6637284278505522,Theta
DJ03,Prog,C3,F4,0.25687767444987486,Theta
DJ03,Prog,C3,FP2,0.6320750278565769,Theta
DJ03,Prog,PZ,C4,0.8557036567105889,Theta
DJ03,Prog,PZ,F4,0.2406035902799933,Theta
DJ03,Prog,PZ,FP2,0.6328923751907,Theta
DJ03,Prog,C4,F4,0.5528277721112242,Theta
DJ03,Prog,C4,FP2,0.8474618618869336,Theta
DJ03,Prog,F4,FP2,0.7111048047258182,Theta
DJ03,Prog,FP1,F3,0.5742700312182498,Alpha
DJ03,Prog,FP1,C3,0.40775200564927455,Alpha
DJ03,Prog,FP1,PZ,0.528114210521888,Alpha
DJ03,Prog,FP1,C4,0.8103748854170487,Alpha
DJ03,Prog,FP1,F4,0.5845590711481378,Alpha
DJ03,Prog,FP1,FP2,0.9638152558829685,Alpha
DJ03,Prog,F3,C3,0.35992438955957984,Alpha
DJ03,Prog,F3,PZ,0.14309708505292176,Alpha
DJ03,Prog,F3,C4,0.31018927117656947,Alpha
DJ03,Prog,F3,F4,0.3503072401888908,Alpha
DJ03,Prog,F3,FP2,0.7235781724354324,Alpha
DJ03,Prog,C3,PZ,0.3785505202446591,Alpha
DJ03,Prog,C3,C4,0.4769390133224193,Alpha
DJ03,Prog,C3,F4,0.13292984864973284,Alpha
DJ03,Prog,C3,FP2,0.4498168655118071,Alpha
DJ03,Prog,PZ,C4,0.7412396052540724,Alpha
DJ03,Prog,PZ,F4,0.058949254775036694,Alpha
DJ03,Prog,PZ,FP2,0.4649287990270209,Alpha
DJ03,Prog,C4,F4,0.3643208050001443,Alpha
DJ03,Prog,C4,FP2,0.7284695603110669,Alpha
DJ03,Prog,F4,FP2,0.551663566673437,Alpha
DJ03,Prog,FP1,F3,0.34748019051792006,Beta
DJ03,Prog,FP1,C3,0.2577485706099372,Beta
DJ03,Prog,FP1,PZ,0.40254464691444053,Beta
DJ03,Prog,FP1,C4,0.7476264432608699,Beta
DJ03,Prog,FP1,F4,0.5558490320228984,Beta
DJ03,Prog,FP1,FP2,0.9385767328619643,Beta
DJ03,Prog,F3,C3,0.2642421903988824,Beta
DJ03,Prog,F3,PZ,0.0530999540543002,Beta
DJ03,Prog,F3,C4,0.12022216756684115,Beta
DJ03,Prog,F3,F4,0.0892855760394073,Beta
DJ03,Prog,F3,FP2,0.5231479392118223,Beta
DJ03,Prog,C3,PZ,0.26556694909714934,Beta
DJ03,Prog,C3,C4,0.26458751953809867,Beta
DJ03,Prog,C3,F4,0.023983512737496798,Beta
DJ03,Prog,C3,FP2,0.29645788013517954,Beta
DJ03,Prog,PZ,C4,0.646943257809422,Beta
DJ03,Prog,PZ,F4,0.0207322229558958,Beta
DJ03,Prog,PZ,FP2,0.33392967279872277,Beta
DJ03,Prog,C4,F4,0.3520307636557982,Beta
DJ03,Prog,C4,FP2,0.626002850815326,Beta
DJ03,Prog,F4,FP2,0.46677780110380496,Beta
DJ03,Robo,FP1,F3,0.7597787731194102,Theta
DJ03,Robo,FP1,C3,0.6017215548528734,Theta
DJ03,Robo,FP1,PZ,0.6771301211664122,Theta
DJ03,Robo,FP1,C4,0.8973905002040421,Theta
DJ03,Robo,FP1,F4,0.7273883266314471,Theta
DJ03,Robo,FP1,FP2,0.9811556053769506,Theta
DJ03,Robo,F3,C3,0.525875948437652,Theta
DJ03,Robo,F3,PZ,0.3595883643783805,Theta
DJ03,Robo,F3,C4,0.5503999100252714,Theta
DJ03,Robo,F3,F4,0.568203594183152,Theta
DJ03,Robo,F3,FP2,0.8488503845959621,Theta
DJ03,Robo,C3,PZ,0.6572221673224359,Theta
DJ03,Robo,C3,C4,0.6637284278505522,Theta
DJ03,Robo,C3,F4,0.25687767444987486,Theta
DJ03,Robo,C3,FP2,0.6320750278565769,Theta
DJ03,Robo,PZ,C4,0.8557036567105889,Theta
DJ03,Robo,PZ,F4,0.2406035902799933,Theta
DJ03,Robo,PZ,FP2,0.6328923751907,Theta
DJ03,Robo,C4,F4,0.5528277721112242,Theta
DJ03,Robo,C4,FP2,0.8474618618869336,Theta
DJ03,Robo,F4,FP2,0.7111048047258182,Theta
DJ03,Robo,FP1,F3,0.5742700312182498,Alpha
DJ03,Robo,FP1,C3,0.40775200564927455,Alpha
DJ03,Robo,FP1,PZ,0.528114210521888,Alpha
DJ03,Robo,FP1,C4,0.8103748854170487,Alpha
DJ03,Robo,FP1,F4,0.5845590711481378,Alpha
DJ03,Robo,FP1,FP2,0.9638152558829685,Alpha
DJ03,Robo,F3,C3,0.35992438955957984,Alpha
DJ03,Robo,F3,PZ,0.14309708505292176,Alpha
DJ03,Robo,F3,C4,0.31018927117656947,Alpha
DJ03,Robo,F3,F4,0.3503072401888908,Alpha
DJ03,Robo,F3,FP2,0.7235781724354324,Alpha
DJ03,Robo,C3,PZ,0.3785505202446591,Alpha
DJ03,Robo,C3,C4,0.4769390133224193,Alpha
DJ03,Robo,C3,F4,0.13292984864973284,Alpha
DJ03,Robo,C3,FP2,0.4498168655118071,Alpha
DJ03,Robo,PZ,C4,0.7412396052540724,Alpha
DJ03,Robo,PZ,F4,0.058949254775036694,Alpha
DJ03,Robo,PZ,FP2,0.4649287990270209,Alpha
DJ03,Robo,C4,F4,0.3643208050001443,Alpha
DJ03,Robo,C4,FP2,0.7284695603110669,Alpha
DJ03,Robo,F4,FP2,0.551663566673437,Alpha
DJ03,Robo,FP1,F3,0.34748019051792006,Beta
DJ03,Robo,FP1,C3,0.2577485706099372,Beta
DJ03,Robo,FP1,PZ,0.40254464691444053,Beta
DJ03,Robo,FP1,C4,0.7476264432608699,Beta
DJ03,Robo,FP1,F4,0.5558490320228984,Beta
DJ03,Robo,FP1,FP2,0.9385767328619643,Beta
DJ03,Robo,F3,C3,0.2642421903988824,Beta
DJ03,Robo,F3,PZ,0.0530999540543002,Beta
DJ03,Robo,F3,C4,0.12022216756684115,Beta
DJ03,Robo,F3,F4,0.0892855760394073,Beta
DJ03,Robo,F3,FP2,0.5231479392118223,Beta
DJ03,Robo,C3,PZ,0.26556694909714934,Beta
DJ03,Robo,C3,C4,0.26458751953809867,Beta
DJ03,Robo,C3,F4,0.023983512737496798,Beta
DJ03,Robo,C3,FP2,0.29645788013517954,Beta
DJ03,Robo,PZ,C4,0.646943257809422,Beta
DJ03,Robo,PZ,F4,0.0207322229558958,Beta
DJ03,Robo,PZ,FP2,0.33392967279872277,Beta
DJ03,Robo,C4,F4,0.3520307636557982,Beta
DJ03,Robo,C4,FP2,0.626002850815326,Beta
DJ03,Robo,F4,FP2,0.46677780110380496,Beta
DT01,Desi,FP1,F3,0.8066094710923275,Theta
DT01,Desi,FP1,C3,0.16685820229698506,Theta
DT01,Desi,FP1,PZ,0.3194762236501933,Theta
DT01,Desi,FP1,C4,0.4513730854487086,Theta
DT01,Desi,FP1,F4,0.8341250619505942,Theta
DT01,Desi,FP1,FP2,0.9322766781091769,Theta
DT01,Desi,F3,C3,0.2441256944435794,Theta
DT01,Desi,F3,PZ,0.1236683669442123,Theta
DT01,Desi,F3,C4,0.46313036826836945,Theta
DT01,Desi,F3,F4,0.711836076773231,Theta
DT01,Desi,F3,FP2,0.6012298524735071,Theta
DT01,Desi,C3,PZ,0.26662499606211576,Theta
DT01,Desi,C3,C4,0.1731488812614656,Theta
DT01,Desi,C3,F4,0.0933296307971754,Theta
DT01,Desi,C3,FP2,0.12999776118745035,Theta
DT01,Desi,PZ,C4,0.2751495978310593,Theta
DT01,Desi,PZ,F4,0.06577188773467195,Theta
DT01,Desi,PZ,FP2,0.3588356441446606,Theta
DT01,Desi,C4,F4,0.306368630630351,Theta
DT01,Desi,C4,FP2,0.507971058382359,Theta
DT01,Desi,F4,FP2,0.8198185004529261,Theta
DT01,Desi,FP1,F3,0.7481503926979106,Alpha
DT01,Desi,FP1,C3,0.10670937446330164,Alpha
DT01,Desi,FP1,PZ,0.2824569378388818,Alpha
DT01,Desi,FP1,C4,0.3104794535644337,Alpha
DT01,Desi,FP1,F4,0.7344393503340101,Alpha
DT01,Desi,FP1,FP2,0.9070144061280218,Alpha
DT01,Desi,F3,C3,0.1708208594967306,Alpha
DT01,Desi,F3,PZ,0.08571383441322894,Alpha
DT01,Desi,F3,C4,0.3754884717021272,Alpha
DT01,Desi,F3,F4,0.6011496574833441,Alpha
DT01,Desi,F3,FP2,0.506976026255623,Alpha
DT01,Desi,C3,PZ,0.2309964786811608,Alpha
DT01,Desi,C3,C4,0.07740587869229645,Alpha
DT01,Desi,C3,F4,0.0395498341002192,Alpha
DT01,Desi,C3,FP2,0.0772774332108959,Alpha
DT01,Desi,PZ,C4,0.17569826409494343,Alpha
DT01,Desi,PZ,F4,0.01459406121357035,Alpha
DT01,Desi,PZ,FP2,0.2901479417347814,Alpha
DT01,Desi,C4,F4,0.18886510614149593,Alpha
DT01,Desi,C4,FP2,0.4036459731887697,Alpha
DT01,Desi,F4,FP2,0.747507174898379,Alpha
DT01,Desi,FP1,F3,0.7632739602830595,Beta
DT01,Desi,FP1,C3,0.07783147079934825,Beta
DT01,Desi,FP1,PZ,0.17177063212675364,Beta
DT01,Desi,FP1,C4,0.2818706859164061,Beta
DT01,Desi,FP1,F4,0.777835006650668,Beta
DT01,Desi,FP1,FP2,0.9120402094066804,Beta
DT01,Desi,F3,C3,0.13269324706991464,Beta
DT01,Desi,F3,PZ,0.06263538077081145,Beta
DT01,Desi,F3,C4,0.3780741123120398,Beta
DT01,Desi,F3,F4,0.5945207667018091,Beta
DT01,Desi,F3,FP2,0.5193219635668974,Beta
DT01,Desi,C3,PZ,0.22144741427942824,Beta
DT01,Desi,C3,C4,0.0943638343632817,Beta
DT01,Desi,C3,F4,0.04479452012338335,Beta
DT01,Desi,C3,FP2,0.06866762227333789,Beta
DT01,Desi,PZ,C4,0.21656762788962153,Beta
DT01,Desi,PZ,F4,0.0174402157304184,Beta
DT01,Desi,PZ,FP2,0.19111012125087284,Beta
DT01,Desi,C4,F4,0.1466976056532152,Beta
DT01,Desi,C4,FP2,0.3592075289740715,Beta
DT01,Desi,F4,FP2,0.789511771788852,Beta
DT01,Prog,FP1,F3,0.8066094710923275,Theta
DT01,Prog,FP1,C3,0.16685820229698506,Theta
DT01,Prog,FP1,PZ,0.3194762236501933,Theta
DT01,Prog,FP1,C4,0.4513730854487086,Theta
DT01,Prog,FP1,F4,0.8341250619505942,Theta
DT01,Prog,FP1,FP2,0.9322766781091769,Theta
DT01,Prog,F3,C3,0.2441256944435794,Theta
DT01,Prog,F3,PZ,0.1236683669442123,Theta
DT01,Prog,F3,C4,0.46313036826836945,Theta
DT01,Prog,F3,F4,0.711836076773231,Theta
DT01,Prog,F3,FP2,0.6012298524735071,Theta
DT01,Prog,C3,PZ,0.26662499606211576,Theta
DT01,Prog,C3,C4,0.1731488812614656,Theta
DT01,Prog,C3,F4,0.0933296307971754,Theta
DT01,Prog,C3,FP2,0.12999776118745035,Theta
DT01,Prog,PZ,C4,0.2751495978310593,Theta
DT01,Prog,PZ,F4,0.06577188773467195,Theta
DT01,Prog,PZ,FP2,0.3588356441446606,Theta
DT01,Prog,C4,F4,0.306368630630351,Theta
DT01,Prog,C4,FP2,0.507971058382359,Theta
DT01,Prog,F4,FP2,0.8198185004529261,Theta
DT01,Prog,FP1,F3,0.7481503926979106,Alpha
DT01,Prog,FP1,C3,0.10670937446330164,Alpha
DT01,Prog,FP1,PZ,0.2824569378388818,Alpha
DT01,Prog,FP1,C4,0.3104794535644337,Alpha
DT01,Prog,FP1,F4,0.7344393503340101,Alpha
DT01,Prog,FP1,FP2,0.9070144061280218,Alpha
DT01,Prog,F3,C3,0.1708208594967306,Alpha
DT01,Prog,F3,PZ,0.08571383441322894,Alpha
DT01,Prog,F3,C4,0.3754884717021272,Alpha
DT01,Prog,F3,F4,0.6011496574833441,Alpha
DT01,Prog,F3,FP2,0.506976026255623,Alpha
DT01,Prog,C3,PZ,0.2309964786811608,Alpha
DT01,Prog,C3,C4,0.07740587869229645,Alpha
DT01,Prog,C3,F4,0.0395498341002192,Alpha
DT01,Prog,C3,FP2,0.0772774332108959,Alpha
DT01,Prog,PZ,C4,0.17569826409494343,Alpha
DT01,Prog,PZ,F4,0.01459406121357035,Alpha
DT01,Prog,PZ,FP2,0.2901479417347814,Alpha
DT01,Prog,C4,F4,0.18886510614149593,Alpha
DT01,Prog,C4,FP2,0.4036459731887697,Alpha
DT01,Prog,F4,FP2,0.747507174898379,Alpha
DT01,Prog,FP1,F3,0.7632739602830595,Beta
DT01,Prog,FP1,C3,0.07783147079934825,Beta
DT01,Prog,FP1,PZ,0.17177063212675364,Beta
DT01,Prog,FP1,C4,0.2818706859164061,Beta
DT01,Prog,FP1,F4,0.777835006650668,Beta
DT01,Prog,FP1,FP2,0.9120402094066804,Beta
DT01,Prog,F3,C3,0.13269324706991464,Beta
DT01,Prog,F3,PZ,0.06263538077081145,Beta
DT01,Prog,F3,C4,0.3780741123120398,Beta
DT01,Prog,F3,F4,0.5945207667018091,Beta
DT01,Prog,F3,FP2,0.5193219635668974,Beta
DT01,Prog,C3,PZ,0.22144741427942824,Beta
DT01,Prog,C3,C4,0.0943638343632817,Beta
DT01,Prog,C3,F4,0.04479452012338335,Beta
DT01,Prog,C3,FP2,0.06866762227333789,Beta
DT01,Prog,PZ,C4,0.21656762788962153,Beta
DT01,Prog,PZ,F4,0.0174402157304184,Beta
DT01,Prog,PZ,FP2,0.19111012125087284,Beta
DT01,Prog,C4,F4,0.1466976056532152,Beta
DT01,Prog,C4,FP2,0.3592075289740715,Beta
DT01,Prog,F4,FP2,0.789511771788852,Beta
DT01,Robo,FP1,F3,0.8066094710923275,Theta
DT01,Robo,FP1,C3,0.16685820229698506,Theta
DT01,Robo,FP1,PZ,0.3194762236501933,Theta
DT01,Robo,FP1,C4,0.4513730854487086,Theta
DT01,Robo,FP1,F4,0.8341250619505942,Theta
DT01,Robo,FP1,FP2,0.9322766781091769,Theta
DT01,Robo,F3,C3,0.2441256944435794,Theta
DT01,Robo,F3,PZ,0.1236683669442123,Theta
DT01,Robo,F3,C4,0.46313036826836945,Theta
DT01,Robo,F3,F4,0.711836076773231,Theta
DT01,Robo,F3,FP2,0.6012298524735071,Theta
DT01,Robo,C3,PZ,0.26662499606211576,Theta
DT01,Robo,C3,C4,0.1731488812614656,Theta
DT01,Robo,C3,F4,0.0933296307971754,Theta
DT01,Robo,C3,FP2,0.12999776118745035,Theta
DT01,Robo,PZ,C4,0.2751495978310593,Theta
DT01,Robo,PZ,F4,0.06577188773467195,Theta
DT01,Robo,PZ,FP2,0.3588356441446606,Theta
DT01,Robo,C4,F4,0.306368630630351,Theta
DT01,Robo,C4,FP2,0.507971058382359,Theta
DT01,Robo,F4,FP2,0.8198185004529261,Theta
DT01,Robo,FP1,F3,0.7481503926979106,Alpha
DT01,Robo,FP1,C3,0.10670937446330164,Alpha
DT01,Robo,FP1,PZ,0.2824569378388818,Alpha
DT01,Robo,FP1,C4,0.3104794535644337,Alpha
DT01,Robo,FP1,F4,0.7344393503340101,Alpha
DT01,Robo,FP1,FP2,0.9070144061280218,Alpha
DT01,Robo,F3,C3,0.1708208594967306,Alpha
DT01,Robo,F3,PZ,0.08571383441322894,Alpha
DT01,Robo,F3,C4,0.3754884717021272,Alpha
DT01,Robo,F3,F4,0.6011496574833441,Alpha
DT01,Robo,F3,FP2,0.506976026255623,Alpha
DT01,Robo,C3,PZ,0.2309964786811608,Alpha
DT01,Robo,C3,C4,0.07740587869229645,Alpha
DT01,Robo,C3,F4,0.0395498341002192,Alpha
DT01,Robo,C3,FP2,0.0772774332108959,Alpha
DT01,Robo,PZ,C4,0.17569826409494343,Alpha
DT01,Robo,PZ,F4,0.01459406121357035,Alpha
DT01,Robo,PZ,FP2,0.2901479417347814,Alpha
DT01,Robo,C4,F4,0.18886510614149593,Alpha
DT01,Robo,C4,FP2,0.4036459731887697,Alpha
DT01,Robo,F4,FP2,0.747507174898379,Alpha
DT01,Robo,FP1,F3,0.7632739602830595,Beta
DT01,Robo,FP1,C3,0.07783147079934825,Beta
DT01,Robo,FP1,PZ,0.17177063212675364,Beta
DT01,Robo,FP1,C4,0.2818706859164061,Beta
DT01,Robo,FP1,F4,0.777835006650668,Beta
DT01,Robo,FP1,FP2,0.9120402094066804,Beta
DT01,Robo,F3,C3,0.13269324706991464,Beta
DT01,Robo,F3,PZ,0.06263538077081145,Beta
DT01,Robo,F3,C4,0.3780741123120398,Beta
DT01,Robo,F3,F4,0.5945207667018091,Beta
DT01,Robo,F3,FP2,0.5193219635668974,Beta
DT01,Robo,C3,PZ,0.22144741427942824,Beta
DT01,Robo,C3,C4,0.0943638343632817,Beta
DT01,Robo,C3,F4,0.04479452012338335,Beta
DT01,Robo,C3,FP2,0.06866762227333789,Beta
DT01,Robo,PZ,C4,0.21656762788962153,Beta
DT01,Robo,PZ,F4,0.0174402157304184,Beta
DT01,Robo,PZ,FP2,0.19111012125087284,Beta
DT01,Robo,C4,F4,0.1466976056532152,Beta
DT01,Robo,C4,FP2,0.3592075289740715,Beta
DT01,Robo,F4,FP2,0.789511771788852,Beta
ES01,Desi,FP1,F3,0.9161337822113492,Theta
ES01,Desi,FP1,C3,0.3699500741186633,Theta
ES01,Desi,FP1,PZ,0.202348092095725,Theta
ES01,Desi,FP1,C4,0.1823914915736871,Theta
ES01,Desi,FP1,F4,0.4840447790964086,Theta
ES01,Desi,FP1,FP2,0.8892933948673256,Theta
ES01,Desi,F3,C3,0.3271684268206111,Theta
ES01,Desi,F3,PZ,0.0598283742561421,Theta
ES01,Desi,F3,C4,0.0472353940834973,Theta
ES01,Desi,F3,F4,0.2939585629062434,Theta
ES01,Desi,F3,FP2,0.697569933238994,Theta
ES01,Desi,C3,PZ,0.3312991531447041,Theta
ES01,Desi,C3,C4,0.1278010210480448,Theta
ES01,Desi,C3,F4,0.0463436779870937,Theta
ES01,Desi,C3,FP2,0.2336866007972521,Theta
ES01,Desi,PZ,C4,0.4757939230689879,Theta
ES01,Desi,PZ,F4,0.070038126014268,Theta
ES01,Desi,PZ,FP2,0.1930924974590688,Theta
ES01,Desi,C4,F4,0.2599760375311989,Theta
ES01,Desi,C4,FP2,0.2787221010540118,Theta
ES01,Desi,F4,FP2,0.7967999837134625,Theta
ES01,Desi,FP1,F3,0.8203838565330726,Alpha
ES01,Desi,FP1,C3,0.1032587552490898,Alpha
ES01,Desi,FP1,PZ,0.1266844755894544,Alpha
ES01,Desi,FP1,C4,0.0721036426685178,Alpha
ES01,Desi,FP1,F4,0.30006040823005,Alpha
ES01,Desi,FP1,FP2,0.7707088375533659,Alpha
ES01,Desi,F3,C3,0.113436718171992,Alpha
ES01,Desi,F3,PZ,0.0291379275598255,Alpha
ES01,Desi,F3,C4,0.0182331149826915,Alpha
ES01,Desi,F3,F4,0.1174691894357064,Alpha
ES01,Desi,F3,FP2,0.4343680235824443,Alpha
ES01,Desi,C3,PZ,0.1108144411725352,Alpha
ES01,Desi,C3,C4,0.0676694748835691,Alpha
ES01,Desi,C3,F4,0.0843167838489095,Alpha
ES01,Desi,C3,FP2,0.0607289031740476,Alpha
ES01,Desi,PZ,C4,0.1017233003504025,Alpha
ES01,Desi,PZ,F4,0.0477530549572409,Alpha
ES01,Desi,PZ,FP2,0.1250923543982219,Alpha
ES01,Desi,C4,F4,0.4029943128740719,Alpha
ES01,Desi,C4,FP2,0.2706412449709809,Alpha
ES01,Desi,F4,FP2,0.751474889824729,Alpha
ES01,Desi,FP1,F3,0.8818404084913622,Beta
ES01,Desi,FP1,C3,0.2057828506246043,Beta
ES01,Desi,FP1,PZ,0.1102663964215477,Beta
ES01,Desi,FP1,C4,0.0626553994061633,Beta
ES01,Desi,FP1,F4,0.1575988879278598,Beta
ES01,Desi,FP1,FP2,0.7033002751772547,Beta
ES01,Desi,F3,C3,0.1891048691519377,Beta
ES01,Desi,F3,PZ,0.0199032555982772,Beta
ES01,Desi,F3,C4,0.0221253040710192,Beta
ES01,Desi,F3,F4,0.0390634282950161,Beta
ES01,Desi,F3,FP2,0.4051890050605649,Beta
ES01,Desi,C3,PZ,0.2324099945334931,Beta
ES01,Desi,C3,C4,0.0381782560062433,Beta
ES01,Desi,C3,F4,0.0162710213353578,Beta
ES01,Desi,C3,FP2,0.0708976447057069,Beta
ES01,Desi,PZ,C4,0.2129402303208308,Beta
ES01,Desi,PZ,F4,0.0344115307684945,Beta
ES01,Desi,PZ,FP2,0.1118689657766077,Beta
ES01,Desi,C4,F4,0.2478727246391603,Beta
ES01,Desi,C4,FP2,0.2001218941165969,Beta
ES01,Desi,F4,FP2,0.6704263574192071,Beta
ES01,Prog,FP1,F3,0.9161337822113492,Theta
ES01,Prog,FP1,C3,0.3699500741186633,Theta
ES01,Prog,FP1,PZ,0.202348092095725,Theta
ES01,Prog,FP1,C4,0.1823914915736871,Theta
ES01,Prog,FP1,F4,0.4840447790964086,Theta
ES01,Prog,FP1,FP2,0.8892933948673256,Theta
ES01,Prog,F3,C3,0.3271684268206111,Theta
ES01,Prog,F3,PZ,0.0598283742561421,Theta
ES01,Prog,F3,C4,0.0472353940834973,Theta
ES01,Prog,F3,F4,0.2939585629062434,Theta
ES01,Prog,F3,FP2,0.697569933238994,Theta
ES01,Prog,C3,PZ,0.3312991531447041,Theta
ES01,Prog,C3,C4,0.1278010210480448,Theta
ES01,Prog,C3,F4,0.0463436779870937,Theta
ES01,Prog,C3,FP2,0.2336866007972521,Theta
ES01,Prog,PZ,C4,0.4757939230689879,Theta
ES01,Prog,PZ,F4,0.070038126014268,Theta
ES01,Prog,PZ,FP2,0.1930924974590688,Theta
ES01,Prog,C4,F4,0.2599760375311989,Theta
ES01,Prog,C4,FP2,0.2787221010540118,Theta
ES01,Prog,F4,FP2,0.7967999837134625,Theta
ES01,Prog,FP1,F3,0.8203838565330726,Alpha
ES01,Prog,FP1,C3,0.1032587552490898,Alpha
ES01,Prog,FP1,PZ,0.1266844755894544,Alpha
ES01,Prog,FP1,C4,0.0721036426685178,Alpha
ES01,Prog,FP1,F4,0.30006040823005,Alpha
ES01,Prog,FP1,FP2,0.7707088375533659,Alpha
ES01,Prog,F3,C3,0.113436718171992,Alpha
ES01,Prog,F3,PZ,0.0291379275598255,Alpha
ES01,Prog,F3,C4,0.0182331149826915,Alpha
ES01,Prog,F3,F4,0.1174691894357064,Alpha
ES01,Prog,F3,FP2,0.4343680235824443,Alpha
ES01,Prog,C3,PZ,0.1108144411725352,Alpha
ES01,Prog,C3,C4,0.0676694748835691,Alpha
ES01,Prog,C3,F4,0.0843167838489095,Alpha
ES01,Prog,C3,FP2,0.0607289031740476,Alpha
ES01,Prog,PZ,C4,0.1017233003504025,Alpha
ES01,Prog,PZ,F4,0.0477530549572409,Alpha
ES01,Prog,PZ,FP2,0.1250923543982219,Alpha
ES01,Prog,C4,F4,0.4029943128740719,Alpha
ES01,Prog,C4,FP2,0.2706412449709809,Alpha
ES01,Prog,F4,FP2,0.751474889824729,Alpha
ES01,Prog,FP1,F3,0.8818404084913622,Beta
ES01,Prog,FP1,C3,0.2057828506246043,Beta
ES01,Prog,FP1,PZ,0.1102663964215477,Beta
ES01,Prog,FP1,C4,0.0626553994061633,Beta
ES01,Prog,FP1,F4,0.1575988879278598,Beta
ES01,Prog,FP1,FP2,0.7033002751772547,Beta
ES01,Prog,F3,C3,0.1891048691519377,Beta
ES01,Prog,F3,PZ,0.0199032555982772,Beta
ES01,Prog,F3,C4,0.0221253040710192,Beta
ES01,Prog,F3,F4,0.0390634282950161,Beta
ES01,Prog,F3,FP2,0.4051890050605649,Beta
ES01,Prog,C3,PZ,0.2324099945334931,Beta
ES01,Prog,C3,C4,0.0381782560062433,Beta
ES01,Prog,C3,F4,0.0162710213353578,Beta
ES01,Prog,C3,FP2,0.0708976447057069,Beta
ES01,Prog,PZ,C4,0.2129402303208308,Beta
ES01,Prog,PZ,F4,0.0344115307684945,Beta
ES01,Prog,PZ,FP2,0.1118689657766077,Beta
ES01,Prog,C4,F4,0.2478727246391603,Beta
ES01,Prog,C4,FP2,0.2001218941165969,Beta
ES01,Prog,F4,FP2,0.6704263574192071,Beta
ES01,Robo,FP1,F3,0.9161337822113492,Theta
ES01,Robo,FP1,C3,0.3699500741186633,Theta
ES01,Robo,FP1,PZ,0.202348092095725,Theta
ES01,Robo,FP1,C4,0.1823914915736871,Theta
ES01,Robo,FP1,F4,0.4840447790964086,Theta
ES01,Robo,FP1,FP2,0.8892933948673256,Theta
ES01,Robo,F3,C3,0.3271684268206111,Theta
ES01,Robo,F3,PZ,0.0598283742561421,Theta
ES01,Robo,F3,C4,0.0472353940834973,Theta
ES01,Robo,F3,F4,0.2939585629062434,Theta
ES01,Robo,F3,FP2,0.697569933238994,Theta
ES01,Robo,C3,PZ,0.3312991531447041,Theta
ES01,Robo,C3,C4,0.1278010210480448,Theta
ES01,Robo,C3,F4,0.0463436779870937,Theta
ES01,Robo,C3,FP2,0.2336866007972521,Theta
ES01,Robo,PZ,C4,0.4757939230689879,Theta
ES01,Robo,PZ,F4,0.070038126014268,Theta
ES01,Robo,PZ,FP2,0.1930924974590688,Theta
ES01,Robo,C4,F4,0.2599760375311989,Theta
ES01,Robo,C4,FP2,0.2787221010540118,Theta
ES01,Robo,F4,FP2,0.7967999837134625,Theta
ES01,Robo,FP1,F3,0.8203838565330726,Alpha
ES01,Robo,FP1,C3,0.1032587552490898,Alpha
ES01,Robo,FP1,PZ,0.1266844755894544,Alpha
ES01,Robo,FP1,C4,0.0721036426685178,Alpha
ES01,Robo,FP1,F4,0.30006040823005,Alpha
ES01,Robo,FP1,FP2,0.7707088375533659,Alpha
ES01,Robo,F3,C3,0.113436718171992,Alpha
ES01,Robo,F3,PZ,0.0291379275598255,Alpha
ES01,Robo,F3,C4,0.0182331149826915,Alpha
ES01,Robo,F3,F4,0.1174691894357064,Alpha
ES01,Robo,F3,FP2,0.4343680235824443,Alpha
ES01,Robo,C3,PZ,0.1108144411725352,Alpha
ES01,Robo,C3,C4,0.0676694748835691,Alpha
ES01,Robo,C3,F4,0.0843167838489095,Alpha
ES01,Robo,C3,FP2,0.0607289031740476,Alpha
ES01,Robo,PZ,C4,0.1017233003504025,Alpha
ES01,Robo,PZ,F4,0.0477530549572409,Alpha
ES01,Robo,PZ,FP2,0.1250923543982219,Alpha
ES01,Robo,C4,F4,0.4029943128740719,Alpha
ES01,Robo,C4,FP2,0.2706412449709809,Alpha
ES01,Robo,F4,FP2,0.751474889824729,Alpha
ES01,Robo,FP1,F3,0.8818404084913622,Beta
ES01,Robo,FP1,C3,0.2057828506246043,Beta
ES01,Robo,FP1,PZ,0.1102663964215477,Beta
ES01,Robo,FP1,C4,0.0626553994061633,Beta
ES01,Robo,FP1,F4,0.1575988879278598,Beta
ES01,Robo,FP1,FP2,0.7033002751772547,Beta
ES01,Robo,F3,C3,0.1891048691519377,Beta
ES01,Robo,F3,PZ,0.0199032555982772,Beta
ES01,Robo,F3,C4,0.0221253040710192,Beta
ES01,Robo,F3,F4,0.0390634282950161,Beta
ES01,Robo,F3,FP2,0.4051890050605649,Beta
ES01,Robo,C3,PZ,0.2324099945334931,Beta
ES01,Robo,C3,C4,0.0381782560062433,Beta
ES01,Robo,C3,F4,0.0162710213353578,Beta
ES01,Robo,C3,FP2,0.0708976447057069,Beta
ES01,Robo,PZ,C4,0.2129402303208308,Beta
ES01,Robo,PZ,F4,0.0344115307684945,Beta
ES01,Robo,PZ,FP2,0.1118689657766077,Beta
ES01,Robo,C4,F4,0.2478727246391603,Beta
ES01,Robo,C4,FP2,0.2001218941165969,Beta
ES01,Robo,F4,FP2,0.6704263574192071,Beta
ES02,Desi,FP1,F3,0.8053997368494679,Theta
ES02,Desi,FP1,C3,0.4699377459194623,Theta
ES02,Desi,FP1,PZ,0.0430655533670733,Theta
ES02,Desi,FP1,C4,0.1100442201894509,Theta
ES02,Desi,FP1,F4,0.4218340387740239,Theta
ES02,Desi,FP1,FP2,0.7387905746514689,Theta
ES02,Desi,F3,C3,0.2566784644448817,Theta
ES02,Desi,F3,PZ,0.0104344500651176,Theta
ES02,Desi,F3,C4,0.0196328033733194,Theta
ES02,Desi,F3,F4,0.1088602454529132,Theta
ES02,Desi,F3,FP2,0.3465994692135665,Theta
ES02,Desi,C3,PZ,0.2055495577004928,Theta
ES02,Desi,C3,C4,0.1209145448186414,Theta
ES02,Desi,C3,F4,0.0726483452591548,Theta
ES02,Desi,C3,FP2,0.2665009035885349,Theta
ES02,Desi,PZ,C4,0.1901630071084717,Theta
ES02,Desi,PZ,F4,0.0223075331928594,Theta
ES02,Desi,PZ,FP2,0.0755255189774082,Theta
ES02,Desi,C4,F4,0.224112112162913,Theta
ES02,Desi,C4,FP2,0.3082159828499507,Theta
ES02,Desi,F4,FP2,0.869741087250711,Theta
ES02,Desi,FP1,F3,0.8726730982157711,Alpha
ES02,Desi,FP1,C3,0.485762464705055,Alpha
ES02,Desi,FP1,PZ,0.0627724834522707,Alpha
ES02,Desi,FP1,C4,0.1020706111719531,Alpha
ES02,Desi,FP1,F4,0.5191919687229423,Alpha
ES02,Desi,FP1,FP2,0.7717289813248114,Alpha
ES02,Desi,F3,C3,0.3537193435373412,Alpha
ES02,Desi,F3,PZ,0.0803744435032841,Alpha
ES02,Desi,F3,C4,0.0973963219101257,Alpha
ES02,Desi,F3,F4,0.2662465765406486,Alpha
ES02,Desi,F3,FP2,0.4932809465945357,Alpha
ES02,Desi,C3,PZ,0.0566082024947783,Alpha
ES02,Desi,C3,C4,0.0684569917605246,Alpha
ES02,Desi,C3,F4,0.054758644825426,Alpha
ES02,Desi,C3,FP2,0.2255163743644256,Alpha
ES02,Desi,PZ,C4,0.0741967694080849,Alpha
ES02,Desi,PZ,F4,0.0924748701653649,Alpha
ES02,Desi,PZ,FP2,0.0405671628727929,Alpha
ES02,Desi,C4,F4,0.1456318959165175,Alpha
ES02,Desi,C4,FP2,0.1638650997890565,Alpha
ES02,Desi,F4,FP2,0.8904103650088988,Alpha
ES02,Desi,FP1,F3,0.7673766176887001,Beta
ES02,Desi,FP1,C3,0.3558554519386143,Beta
ES02,Desi,FP1,PZ,0.0259930111309892,Beta
ES02,Desi,FP1,C4,0.0366227737369018,Beta
ES02,Desi,FP1,F4,0.3314206738370292,Beta
ES02,Desi,FP1,FP2,0.656890610646996,Beta
ES02,Desi,F3,C3,0.2290964660852041,Beta
ES02,Desi,F3,PZ,0.0117421835690091,Beta
ES02,Desi,F3,C4,0.0127444891133585,Beta
ES02,Desi,F3,F4,0.0422862769474427,Beta
ES02,Desi,F3,FP2,0.225455725051925,Beta
ES02,Desi,C3,PZ,0.1885667600034153,Beta
ES02,Desi,C3,C4,0.0370488606270226,Beta
ES02,Desi,C3,F4,0.0097657612039432,Beta
ES02,Desi,C3,FP2,0.1000092017338388,Beta
ES02,Desi,PZ,C4,0.1229577540962952,Beta
ES02,Desi,PZ,F4,0.0092465287441355,Beta
ES02,Desi,PZ,FP2,0.0262928736481238,Beta
ES02,Desi,C4,F4,0.1103861850394987,Beta
ES02,Desi,C4,FP2,0.1596834212328734,Beta
ES02,Desi,F4,FP2,0.8693473479407186,Beta
ES02,Prog,FP1,F3,0.8053997368494679,Theta
ES02,Prog,FP1,C3,0.4699377459194623,Theta
ES02,Prog,FP1,PZ,0.0430655533670733,Theta
ES02,Prog,FP1,C4,0.1100442201894509,Theta
ES02,Prog,FP1,F4,0.4218340387740239,Theta
ES02,Prog,FP1,FP2,0.7387905746514689,Theta
ES02,Prog,F3,C3,0.2566784644448817,Theta
ES02,Prog,F3,PZ,0.0104344500651176,Theta
ES02,Prog,F3,C4,0.0196328033733194,Theta
ES02,Prog,F3,F4,0.1088602454529132,Theta
ES02,Prog,F3,FP2,0.3465994692135665,Theta
ES02,Prog,C3,PZ,0.2055495577004928,Theta
ES02,Prog,C3,C4,0.1209145448186414,Theta
ES02,Prog,C3,F4,0.0726483452591548,Theta
ES02,Prog,C3,FP2,0.2665009035885349,Theta
ES02,Prog,PZ,C4,0.1901630071084717,Theta
ES02,Prog,PZ,F4,0.0223075331928594,Theta
ES02,Prog,PZ,FP2,0.0755255189774082,Theta
ES02,Prog,C4,F4,0.224112112162913,Theta
ES02,Prog,C4,FP2,0.3082159828499507,Theta
ES02,Prog,F4,FP2,0.869741087250711,Theta
ES02,Prog,FP1,F3,0.8726730982157711,Alpha
ES02,Prog,FP1,C3,0.485762464705055,Alpha
ES02,Prog,FP1,PZ,0.0627724834522707,Alpha
ES02,Prog,FP1,C4,0.1020706111719531,Alpha
ES02,Prog,FP1,F4,0.5191919687229423,Alpha
ES02,Prog,FP1,FP2,0.7717289813248114,Alpha
ES02,Prog,F3,C3,0.3537193435373412,Alpha
ES02,Prog,F3,PZ,0.0803744435032841,Alpha
ES02,Prog,F3,C4,0.0973963219101257,Alpha
ES02,Prog,F3,F4,0.2662465765406486,Alpha
ES02,Prog,F3,FP2,0.4932809465945357,Alpha
ES02,Prog,C3,PZ,0.0566082024947783,Alpha
ES02,Prog,C3,C4,0.0684569917605246,Alpha
ES02,Prog,C3,F4,0.054758644825426,Alpha
ES02,Prog,C3,FP2,0.2255163743644256,Alpha
ES02,Prog,PZ,C4,0.0741967694080849,Alpha
ES02,Prog,PZ,F4,0.0924748701653649,Alpha
ES02,Prog,PZ,FP2,0.0405671628727929,Alpha
ES02,Prog,C4,F4,0.1456318959165175,Alpha
ES02,Prog,C4,FP2,0.1638650997890565,Alpha
ES02,Prog,F4,FP2,0.8904103650088988,Alpha
ES02,Prog,FP1,F3,0.7673766176887001,Beta
ES02,Prog,FP1,C3,0.3558554519386143,Beta
ES02,Prog,FP1,PZ,0.0259930111309892,Beta
ES02,Prog,FP1,C4,0.0366227737369018,Beta
ES02,Prog,FP1,F4,0.3314206738370292,Beta
ES02,Prog,FP1,FP2,0.656890610646996,Beta
ES02,Prog,F3,C3,0.2290964660852041,Beta
ES02,Prog,F3,PZ,0.0117421835690091,Beta
ES02,Prog,F3,C4,0.0127444891133585,Beta
ES02,Prog,F3,F4,0.0422862769474427,Beta
ES02,Prog,F3,FP2,0.225455725051925,Beta
ES02,Prog,C3,PZ,0.1885667600034153,Beta
ES02,Prog,C3,C4,0.0370488606270226,Beta
ES02,Prog,C3,F4,0.0097657612039432,Beta
ES02,Prog,C3,FP2,0.1000092017338388,Beta
ES02,Prog,PZ,C4,0.1229577540962952,Beta
ES02,Prog,PZ,F4,0.0092465287441355,Beta
ES02,Prog,PZ,FP2,0.0262928736481238,Beta
ES02,Prog,C4,F4,0.1103861850394987,Beta
ES02,Prog,C4,FP2,0.1596834212328734,Beta
ES02,Prog,F4,FP2,0.8693473479407186,Beta
ES02,Robo,FP1,F3,0.8053997368494679,Theta
ES02,Robo,FP1,C3,0.4699377459194623,Theta
ES02,Robo,FP1,PZ,0.0430655533670733,Theta
ES02,Robo,FP1,C4,0.1100442201894509,Theta
ES02,Robo,FP1,F4,0.4218340387740239,Theta
ES02,Robo,FP1,FP2,0.7387905746514689,Theta
ES02,Robo,F3,C3,0.2566784644448817,Theta
ES02,Robo,F3,PZ,0.0104344500651176,Theta
ES02,Robo,F3,C4,0.0196328033733194,Theta
ES02,Robo,F3,F4,0.1088602454529132,Theta
ES02,Robo,F3,FP2,0.3465994692135665,Theta
ES02,Robo,C3,PZ,0.2055495577004928,Theta
ES02,Robo,C3,C4,0.1209145448186414,Theta
ES02,Robo,C3,F4,0.0726483452591548,Theta
ES02,Robo,C3,FP2,0.2665009035885349,Theta
ES02,Robo,PZ,C4,0.1901630071084717,Theta
ES02,Robo,PZ,F4,0.0223075331928594,Theta
ES02,Robo,PZ,FP2,0.0755255189774082,Theta
ES02,Robo,C4,F4,0.224112112162913,Theta
ES02,Robo,C4,FP2,0.3082159828499507,Theta
ES02,Robo,F4,FP2,0.869741087250711,Theta
ES02,Robo,FP1,F3,0.8726730982157711,Alpha
ES02,Robo,FP1,C3,0.485762464705055,Alpha
ES02,Robo,FP1,PZ,0.0627724834522707,Alpha
ES02,Robo,FP1,C4,0.1020706111719531,Alpha
ES02,Robo,FP1,F4,0.5191919687229423,Alpha
ES02,Robo,FP1,FP2,0.7717289813248114,Alpha
ES02,Robo,F3,C3,0.3537193435373412,Alpha
ES02,Robo,F3,PZ,0.0803744435032841,Alpha
ES02,Robo,F3,C4,0.0973963219101257,Alpha
ES02,Robo,F3,F4,0.2662465765406486,Alpha
ES02,Robo,F3,FP2,0.4932809465945357,Alpha
ES02,Robo,C3,PZ,0.0566082024947783,Alpha
ES02,Robo,C3,C4,0.0684569917605246,Alpha
ES02,Robo,C3,F4,0.054758644825426,Alpha
ES02,Robo,C3,FP2,0.2255163743644256,Alpha
ES02,Robo,PZ,C4,0.0741967694080849,Alpha
ES02,Robo,PZ,F4,0.0924748701653649,Alpha
ES02,Robo,PZ,FP2,0.0405671628727929,Alpha
ES02,Robo,C4,F4,0.1456318959165175,Alpha
ES02,Robo,C4,FP2,0.1638650997890565,Alpha
ES02,Robo,F4,FP2,0.8904103650088988,Alpha
ES02,Robo,FP1,F3,0.7673766176887001,Beta
ES02,Robo,FP1,C3,0.3558554519386143,Beta
ES02,Robo,FP1,PZ,0.0259930111309892,Beta
ES02,Robo,FP1,C4,0.0366227737369018,Beta
ES02,Robo,FP1,F4,0.3314206738370292,Beta
ES02,Robo,FP1,FP2,0.656890610646996,Beta
ES02,Robo,F3,C3,0.2290964660852041,Beta
ES02,Robo,F3,PZ,0.0117421835690091,Beta
ES02,Robo,F3,C4,0.0127444891133585,Beta
ES02,Robo,F3,F4,0.0422862769474427,Beta
ES02,Robo,F3,FP2,0.225455725051925,Beta
ES02,Robo,C3,PZ,0.1885667600034153,Beta
ES02,Robo,C3,C4,0.0370488606270226,Beta
ES02,Robo,C3,F4,0.0097657612039432,Beta
ES02,Robo,C3,FP2,0.1000092017338388,Beta
ES02,Robo,PZ,C4,0.1229577540962952,Beta
ES02,Robo,PZ,F4,0.0092465287441355,Beta
ES02,Robo,PZ,FP2,0.0262928736481238,Beta
ES02,Robo,C4,F4,0.1103861850394987,Beta
ES02,Robo,C4,FP2,0.1596834212328734,Beta
ES02,Robo,F4,FP2,0.8693473479407186,Beta
MJ01,Desi,FP1,F3,0.8645837028020882,Theta
MJ01,Desi,FP1,C3,0.3145704412912408,Theta
MJ01,Desi,FP1,PZ,0.1459018321126797,Theta
MJ01,Desi,FP1,C4,0.0652503562287706,Theta
MJ01,Desi,FP1,F4,0.2587598095842418,Theta
MJ01,Desi,FP1,FP2,0.5837261528087562,Theta
MJ01,Desi,F3,C3,0.2183143739342389,Theta
MJ01,Desi,F3,PZ,0.0452252843810716,Theta
MJ01,Desi,F3,C4,0.0230221286283586,Theta
MJ01,Desi,F3,F4,0.0533741903296077,Theta
MJ01,Desi,F3,FP2,0.2665316974087575,Theta
MJ01,Desi,C3,PZ,0.8887701718601357,Theta
MJ01,Desi,C3,C4,0.2385546805944075,Theta
MJ01,Desi,C3,F4,0.0049444755311873,Theta
MJ01,Desi,C3,FP2,0.0516032043115971,Theta
MJ01,Desi,PZ,C4,0.422400360172612,Theta
MJ01,Desi,PZ,F4,0.0180753337643264,Theta
MJ01,Desi,PZ,FP2,0.0584859137912208,Theta
MJ01,Desi,C4,F4,0.2333441022231124,Theta
MJ01,Desi,C4,FP2,0.1623218071511219,Theta
MJ01,Desi,F4,FP2,0.880187776103845,Theta
MJ01,Desi,FP1,F3,0.827182899542937,Alpha
MJ01,Desi,FP1,C3,0.2741924261002112,Alpha
MJ01,Desi,FP1,PZ,0.138706825194115,Alpha
MJ01,Desi,FP1,C4,0.0198317990126702,Alpha
MJ01,Desi,FP1,F4,0.1635511689036371,Alpha
MJ01,Desi,FP1,FP2,0.5195715475760055,Alpha
MJ01,Desi,F3,C3,0.128705183766703,Alpha
MJ01,Desi,F3,PZ,0.019673467273488,Alpha
MJ01,Desi,F3,C4,0.0206902945762579,Alpha
MJ01,Desi,F3,F4,0.0172183611320618,Alpha
MJ01,Desi,F3,FP2,0.204771570907475,Alpha
MJ01,Desi,C3,PZ,0.9259146932636596,Alpha
MJ01,Desi,C3,C4,0.1611898523429704,Alpha
MJ01,Desi,C3,F4,0.0331742455468553,Alpha
MJ01,Desi,C3,FP2,0.0283402162410201,Alpha
MJ01,Desi,PZ,C4,0.2940796704118096,Alpha
MJ01,Desi,PZ,F4,0.0172695293047404,Alpha
MJ01,Desi,PZ,FP2,0.0332199685216884,Alpha
MJ01,Desi,C4,F4,0.158071955853371,Alpha
MJ01,Desi,C4,FP2,0.0803807183298289,Alpha
MJ01,Desi,F4,FP2,0.8278118363299709,Alpha
MJ01,Desi,FP1,F3,0.8502264067222858,Beta
MJ01,Desi,FP1,C3,0.1792163673902433,Beta
MJ01,Desi,FP1,PZ,0.0191666906697045,Beta
MJ01,Desi,FP1,C4,0.0610887190759271,Beta
MJ01,Desi,FP1,F4,0.1064087896159789,Beta
MJ01,Desi,FP1,FP2,0.4003977267080336,Beta
MJ01,Desi,F3,C3,0.1749987991453778,Beta
MJ01,Desi,F3,PZ,0.0179257795479828,Beta
MJ01,Desi,F3,C4,0.0935541425995748,Beta
MJ01,Desi,F3,F4,0.0320371658306455,Beta
MJ01,Desi,F3,FP2,0.122390212731644,Beta
MJ01,Desi,C3,PZ,0.7212536187969935,Beta
MJ01,Desi,C3,C4,0.0403979645395418,Beta
MJ01,Desi,C3,F4,0.1470784065824577,Beta
MJ01,Desi,C3,FP2,0.0354746877332055,Beta
MJ01,Desi,PZ,C4,0.0963325954542029,Beta
MJ01,Desi,PZ,F4,0.0311749996083847,Beta
MJ01,Desi,PZ,FP2,0.0193524845500283,Beta
MJ01,Desi,C4,F4,0.1528460754576292,Beta
MJ01,Desi,C4,FP2,0.0252315573893761,Beta
MJ01,Desi,F4,FP2,0.8327360628784477,Beta
MJ01,Prog,FP1,F3,0.8645837028020882,Theta
MJ01,Prog,FP1,C3,0.3145704412912408,Theta
MJ01,Prog,FP1,PZ,0.1459018321126797,Theta
MJ01,Prog,FP1,C4,0.0652503562287706,Theta
MJ01,Prog,FP1,F4,0.2587598095842418,Theta
MJ01,Prog,FP1,FP2,0.5837261528087562,Theta
MJ01,Prog,F3,C3,0.2183143739342389,Theta
MJ01,Prog,F3,PZ,0.0452252843810716,Theta
MJ01,Prog,F3,C4,0.0230221286283586,Theta
MJ01,Prog,F3,F4,0.0533741903296077,Theta
MJ01,Prog,F3,FP2,0.2665316974087575,Theta
MJ01,Prog,C3,PZ,0.8887701718601357,Theta
MJ01,Prog,C3,C4,0.2385546805944075,Theta
MJ01,Prog,C3,F4,0.0049444755311873,Theta
MJ01,Prog,C3,FP2,0.0516032043115971,Theta
MJ01,Prog,PZ,C4,0.422400360172612,Theta
MJ01,Prog,PZ,F4,0.0180753337643264,Theta
MJ01,Prog,PZ,FP2,0.0584859137912208,Theta
MJ01,Prog,C4,F4,0.2333441022231124,Theta
MJ01,Prog,C4,FP2,0.1623218071511219,Theta
MJ01,Prog,F4,FP2,0.880187776103845,Theta
MJ01,Prog,FP1,F3,0.827182899542937,Alpha
MJ01,Prog,FP1,C3,0.2741924261002112,Alpha
MJ01,Prog,FP1,PZ,0.138706825194115,Alpha
MJ01,Prog,FP1,C4,0.0198317990126702,Alpha
MJ01,Prog,FP1,F4,0.1635511689036371,Alpha
MJ01,Prog,FP1,FP2,0.5195715475760055,Alpha
MJ01,Prog,F3,C3,0.128705183766703,Alpha
MJ01,Prog,F3,PZ,0.019673467273488,Alpha
MJ01,Prog,F3,C4,0.0206902945762579,Alpha
MJ01,Prog,F3,F4,0.0172183611320618,Alpha
MJ01,Prog,F3,FP2,0.204771570907475,Alpha
MJ01,Prog,C3,PZ,0.9259146932636596,Alpha
MJ01,Prog,C3,C4,0.1611898523429704,Alpha
MJ01,Prog,C3,F4,0.0331742455468553,Alpha
MJ01,Prog,C3,FP2,0.0283402162410201,Alpha
MJ01,Prog,PZ,C4,0.2940796704118096,Alpha
MJ01,Prog,PZ,F4,0.0172695293047404,Alpha
MJ01,Prog,PZ,FP2,0.0332199685216884,Alpha
MJ01,Prog,C4,F4,0.158071955853371,Alpha
MJ01,Prog,C4,FP2,0.0803807183298289,Alpha
MJ01,Prog,F4,FP2,0.8278118363299709,Alpha
MJ01,Prog,FP1,F3,0.8502264067222858,Beta
MJ01,Prog,FP1,C3,0.1792163673902433,Beta
MJ01,Prog,FP1,PZ,0.0191666906697045,Beta
MJ01,Prog,FP1,C4,0.0610887190759271,Beta
MJ01,Prog,FP1,F4,0.1064087896159789,Beta
MJ01,Prog,FP1,FP2,0.4003977267080336,Beta
MJ01,Prog,F3,C3,0.1749987991453778,Beta
MJ01,Prog,F3,PZ,0.0179257795479828,Beta
MJ01,Prog,F3,C4,0.0935541425995748,Beta
MJ01,Prog,F3,F4,0.0320371658306455,Beta
MJ01,Prog,F3,FP2,0.122390212731644,Beta
MJ01,Prog,C3,PZ,0.7212536187969935,Beta
MJ01,Prog,C3,C4,0.0403979645395418,Beta
MJ01,Prog,C3,F4,0.1470784065824577,Beta
MJ01,Prog,C3,FP2,0.0354746877332055,Beta
MJ01,Prog,PZ,C4,0.0963325954542029,Beta
MJ01,Prog,PZ,F4,0.0311749996083847,Beta
MJ01,Prog,PZ,FP2,0.0193524845500283,Beta
MJ01,Prog,C4,F4,0.1528460754576292,Beta
MJ01,Prog,C4,FP2,0.0252315573893761,Beta
MJ01,Prog,F4,FP2,0.8327360628784477,Beta
MJ01,Robo,FP1,F3,0.8645837028020882,Theta
MJ01,Robo,FP1,C3,0.3145704412912408,Theta
MJ01,Robo,FP1,PZ,0.1459018321126797,Theta
MJ01,Robo,FP1,C4,0.0652503562287706,Theta
MJ01,Robo,FP1,F4,0.2587598095842418,Theta
MJ01,Robo,FP1,FP2,0.5837261528087562,Theta
MJ01,Robo,F3,C3,0.2183143739342389,Theta
MJ01,Robo,F3,PZ,0.0452252843810716,Theta
MJ01,Robo,F3,C4,0.0230221286283586,Theta
MJ01,Robo,F3,F4,0.0533741903296077,Theta
MJ01,Robo,F3,FP2,0.2665316974087575,Theta
MJ01,Robo,C3,PZ,0.8887701718601357,Theta
MJ01,Robo,C3,C4,0.2385546805944075,Theta
MJ01,Robo,C3,F4,0.0049444755311873,Theta
MJ01,Robo,C3,FP2,0.0516032043115971,Theta
MJ01,Robo,PZ,C4,0.422400360172612,Theta
MJ01,Robo,PZ,F4,0.0180753337643264,Theta
MJ01,Robo,PZ,FP2,0.0584859137912208,Theta
MJ01,Robo,C4,F4,0.2333441022231124,Theta
MJ01,Robo,C4,FP2,0.1623218071511219,Theta
MJ01,Robo,F4,FP2,0.880187776103845,Theta
MJ01,Robo,FP1,F3,0.827182899542937,Alpha
MJ01,Robo,FP1,C3,0.2741924261002112,Alpha
MJ01,Robo,FP1,PZ,0.138706825194115,Alpha
MJ01,Robo,FP1,C4,0.0198317990126702,Alpha
MJ01,Robo,FP1,F4,0.1635511689036371,Alpha
MJ01,Robo,FP1,FP2,0.5195715475760055,Alpha
MJ01,Robo,F3,C3,0.128705183766703,Alpha
MJ01,Robo,F3,PZ,0.019673467273488,Alpha
MJ01,Robo,F3,C4,0.0206902945762579,Alpha
MJ01,Robo,F3,F4,0.0172183611320618,Alpha
MJ01,Robo,F3,FP2,0.204771570907475,Alpha
MJ01,Robo,C3,PZ,0.9259146932636596,Alpha
MJ01,Robo,C3,C4,0.1611898523429704,Alpha
MJ01,Robo,C3,F4,0.0331742455468553,Alpha
MJ01,Robo,C3,FP2,0.0283402162410201,Alpha
MJ01,Robo,PZ,C4,0.2940796704118096,Alpha
MJ01,Robo,PZ,F4,0.0172695293047404,Alpha
MJ01,Robo,PZ,FP2,0.0332199685216884,Alpha
MJ01,Robo,C4,F4,0.158071955853371,Alpha
MJ01,Robo,C4,FP2,0.0803807183298289,Alpha
MJ01,Robo,F4,FP2,0.8278118363299709,Alpha
MJ01,Robo,FP1,F3,0.8502264067222858,Beta
MJ01,Robo,FP1,C3,0.1792163673902433,Beta
MJ01,Robo,FP1,PZ,0.0191666906697045,Beta
MJ01,Robo,FP1,C4,0.0610887190759271,Beta
MJ01,Robo,FP1,F4,0.1064087896159789,Beta
MJ01,Robo,FP1,FP2,0.4003977267080336,Beta
MJ01,Robo,F3,C3,0.1749987991453778,Beta
MJ01,Robo,F3,PZ,0.0179257795479828,Beta
MJ01,Robo,F3,C4,0.0935541425995748,Beta
MJ01,Robo,F3,F4,0.0320371658306455,Beta
MJ01,Robo,F3,FP2,0.122390212731644,Beta
MJ01,Robo,C3,PZ,0.7212536187969935,Beta
MJ01,Robo,C3,C4,0.0403979645395418,Beta
MJ01,Robo,C3,F4,0.1470784065824577,Beta
MJ01,Robo,C3,FP2,0.0354746877332055,Beta
MJ01,Robo,PZ,C4,0.0963325954542029,Beta
MJ01,Robo,PZ,F4,0.0311749996083847,Beta
MJ01,Robo,PZ,FP2,0.0193524845500283,Beta
MJ01,Robo,C4,F4,0.1528460754576292,Beta
MJ01,Robo,C4,FP2,0.0252315573893761,Beta
MJ01,Robo,F4,FP2,0.8327360628784477,Beta
MT01,Desi,FP1,F3,0.7533802038794775,Theta
MT01,Desi,FP1,C3,0.5300029341791241,Theta
MT01,Desi,FP1,PZ,0.27981540160985985,Theta
MT01,Desi,FP1,C4,0.19021478493847996,Theta
MT01,Desi,FP1,F4,0.5106293719189425,Theta
MT01,Desi,FP1,FP2,0.6928619599538719,Theta
MT01,Desi,F3,C3,0.292891368199695,Theta
MT01,Desi,F3,PZ,0.05757731913534085,Theta
MT01,Desi,F3,C4,0.006108627533394849,Theta
MT01,Desi,F3,F4,0.12482263802471955,Theta
MT01,Desi,F3,FP2,0.47957183565207934,Theta
MT01,Desi,C3,PZ,0.4149283649702652,Theta
MT01,Desi,C3,C4,0.13516518407074105,Theta
MT01,Desi,C3,F4,0.37365570861210023,Theta
MT01,Desi,C3,FP2,0.296036359714946,Theta
MT01,Desi,PZ,C4,0.2885893961218835,Theta
MT01,Desi,PZ,F4,0.49388041446294934,Theta
MT01,Desi,PZ,FP2,0.49764447855395244,Theta
MT01,Desi,C4,F4,0.6956189377707502,Theta
MT01,Desi,C4,FP2,0.2726156613356119,Theta
MT01,Desi,F4,FP2,0.6847138704017712,Theta
MT01,Desi,FP1,F3,0.6623239336593817,Alpha
MT01,Desi,FP1,C3,0.4301775478364624,Alpha
MT01,Desi,FP1,PZ,0.1325916452756592,Alpha
MT01,Desi,FP1,C4,0.14985470395407616,Alpha
MT01,Desi,FP1,F4,0.29232886031542443,Alpha
MT01,Desi,FP1,FP2,0.536381827394406,Alpha
MT01,Desi,F3,C3,0.19381463359177561,Alpha
MT01,Desi,F3,PZ,0.0165209671122647,Alpha
MT01,Desi,F3,C4,0.06955568700802614,Alpha
MT01,Desi,F3,F4,0.022469980304440453,Alpha
MT01,Desi,F3,FP2,0.31827503264631474,Alpha
MT01,Desi,C3,PZ,0.2404490265024185,Alpha
MT01,Desi,C3,C4,0.0370975524752496,Alpha
MT01,Desi,C3,F4,0.18071569944644206,Alpha
MT01,Desi,C3,FP2,0.11975605972294115,Alpha
MT01,Desi,PZ,C4,0.14207152686643815,Alpha
MT01,Desi,PZ,F4,0.4177014732954332,Alpha
MT01,Desi,PZ,FP2,0.4898292831429082,Alpha
MT01,Desi,C4,F4,0.6544746753048577,Alpha
MT01,Desi,C4,FP2,0.18342418001053973,Alpha
MT01,Desi,F4,FP2,0.6189597403169774,Alpha
MT01,Desi,FP1,F3,0.7254963945409316,Beta
MT01,Desi,FP1,C3,0.4093761515255573,Beta
MT01,Desi,FP1,PZ,0.14784247200556644,Beta
MT01,Desi,FP1,C4,0.06717846026824625,Beta
MT01,Desi,FP1,F4,0.3215717709282798,Beta
MT01,Desi,FP1,FP2,0.6431832319579368,Beta
MT01,Desi,F3,C3,0.20118632701567865,Beta
MT01,Desi,F3,PZ,0.0291235055217613,Beta
MT01,Desi,F3,C4,0.036153784627295446,Beta
MT01,Desi,F3,F4,0.0433386881744402,Beta
MT01,Desi,F3,FP2,0.42342596002681027,Beta
MT01,Desi,C3,PZ,0.2509115414493558,Beta
MT01,Desi,C3,C4,0.0123399880084204,Beta
MT01,Desi,C3,F4,0.24853676238918834,Beta
MT01,Desi,C3,FP2,0.180346539139201,Beta
MT01,Desi,PZ,C4,0.09024795873549915,Beta
MT01,Desi,PZ,F4,0.39953528766748203,Beta
MT01,Desi,PZ,FP2,0.4696108993571348,Beta
MT01,Desi,C4,F4,0.6039025232579001,Beta
MT01,Desi,C4,FP2,0.10395668649280995,Beta
MT01,Desi,F4,FP2,0.5682749659089854,Beta
MT01,Prog,FP1,F3,0.7533802038794775,Theta
MT01,Prog,FP1,C3,0.5300029341791241,Theta
MT01,Prog,FP1,PZ,0.27981540160985985,Theta
MT01,Prog,FP1,C4,0.19021478493847996,Theta
MT01,Prog,FP1,F4,0.5106293719189425,Theta
MT01,Prog,FP1,FP2,0.6928619599538719,Theta
MT01,Prog,F3,C3,0.292891368199695,Theta
MT01,Prog,F3,PZ,0.05757731913534085,Theta
MT01,Prog,F3,C4,0.006108627533394849,Theta
MT01,Prog,F3,F4,0.12482263802471955,Theta
MT01,Prog,F3,FP2,0.47957183565207934,Theta
MT01,Prog,C3,PZ,0.4149283649702652,Theta
MT01,Prog,C3,C4,0.13516518407074105,Theta
MT01,Prog,C3,F4,0.37365570861210023,Theta
MT01,Prog,C3,FP2,0.296036359714946,Theta
MT01,Prog,PZ,C4,0.2885893961218835,Theta
MT01,Prog,PZ,F4,0.49388041446294934,Theta
MT01,Prog,PZ,FP2,0.49764447855395244,Theta
MT01,Prog,C4,F4,0.6956189377707502,Theta
MT01,Prog,C4,FP2,0.2726156613356119,Theta
MT01,Prog,F4,FP2,0.6847138704017712,Theta
MT01,Prog,FP1,F3,0.6623239336593817,Alpha
MT01,Prog,FP1,C3,0.4301775478364624,Alpha
MT01,Prog,FP1,PZ,0.1325916452756592,Alpha
MT01,Prog,FP1,C4,0.14985470395407616,Alpha
MT01,Prog,FP1,F4,0.29232886031542443,Alpha
MT01,Prog,FP1,FP2,0.536381827394406,Alpha
MT01,Prog,F3,C3,0.19381463359177561,Alpha
MT01,Prog,F3,PZ,0.0165209671122647,Alpha
MT01,Prog,F3,C4,0.06955568700802614,Alpha
MT01,Prog,F3,F4,0.022469980304440453,Alpha
MT01,Prog,F3,FP2,0.31827503264631474,Alpha
MT01,Prog,C3,PZ,0.2404490265024185,Alpha
MT01,Prog,C3,C4,0.0370975524752496,Alpha
MT01,Prog,C3,F4,0.18071569944644206,Alpha
MT01,Prog,C3,FP2,0.11975605972294115,Alpha
MT01,Prog,PZ,C4,0.14207152686643815,Alpha
MT01,Prog,PZ,F4,0.4177014732954332,Alpha
MT01,Prog,PZ,FP2,0.4898292831429082,Alpha
MT01,Prog,C4,F4,0.6544746753048577,Alpha
MT01,Prog,C4,FP2,0.18342418001053973,Alpha
MT01,Prog,F4,FP2,0.6189597403169774,Alpha
MT01,Prog,FP1,F3,0.7254963945409316,Beta
MT01,Prog,FP1,C3,0.4093761515255573,Beta
MT01,Prog,FP1,PZ,0.14784247200556644,Beta
MT01,Prog,FP1,C4,0.06717846026824625,Beta
MT01,Prog,FP1,F4,0.3215717709282798,Beta
MT01,Prog,FP1,FP2,0.6431832319579368,Beta
MT01,Prog,F3,C3,0.20118632701567865,Beta
MT01,Prog,F3,PZ,0.0291235055217613,Beta
MT01,Prog,F3,C4,0.036153784627295446,Beta
MT01,Prog,F3,F4,0.0433386881744402,Beta
MT01,Prog,F3,FP2,0.42342596002681027,Beta
MT01,Prog,C3,PZ,0.2509115414493558,Beta
MT01,Prog,C3,C4,0.0123399880084204,Beta
MT01,Prog,C3,F4,0.24853676238918834,Beta
MT01,Prog,C3,FP2,0.180346539139201,Beta
MT01,Prog,PZ,C4,0.09024795873549915,Beta
MT01,Prog,PZ,F4,0.39953528766748203,Beta
MT01,Prog,PZ,FP2,0.4696108993571348,Beta
MT01,Prog,C4,F4,0.6039025232579001,Beta
MT01,Prog,C4,FP2,0.10395668649280995,Beta
MT01,Prog,F4,FP2,0.5682749659089854,Beta
MT01,Robo,FP1,F3,0.7533802038794775,Theta
MT01,Robo,FP1,C3,0.5300029341791241,Theta
MT01,Robo,FP1,PZ,0.27981540160985985,Theta
MT01,Robo,FP1,C4,0.19021478493847996,Theta
MT01,Robo,FP1,F4,0.5106293719189425,Theta
MT01,Robo,FP1,FP2,0.6928619599538719,Theta
MT01,Robo,F3,C3,0.292891368199695,Theta
MT01,Robo,F3,PZ,0.05757731913534085,Theta
MT01,Robo,F3,C4,0.006108627533394849,Theta
MT01,Robo,F3,F4,0.12482263802471955,Theta
MT01,Robo,F3,FP2,0.47957183565207934,Theta
MT01,Robo,C3,PZ,0.4149283649702652,Theta
MT01,Robo,C3,C4,0.13516518407074105,Theta
MT01,Robo,C3,F4,0.37365570861210023,Theta
MT01,Robo,C3,FP2,0.296036359714946,Theta
MT01,Robo,PZ,C4,0.2885893961218835,Theta
MT01,Robo,PZ,F4,0.49388041446294934,Theta
MT01,Robo,PZ,FP2,0.49764447855395244,Theta
MT01,Robo,C4,F4,0.6956189377707502,Theta
MT01,Robo,C4,FP2,0.2726156613356119,Theta
MT01,Robo,F4,FP2,0.6847138704017712,Theta
MT01,Robo,FP1,F3,0.6623239336593817,Alpha
MT01,Robo,FP1,C3,0.4301775478364624,Alpha
MT01,Robo,FP1,PZ,0.1325916452756592,Alpha
MT01,Robo,FP1,C4,0.14985470395407616,Alpha
MT01,Robo,FP1,F4,0.29232886031542443,Alpha
MT01,Robo,FP1,FP2,0.536381827394406,Alpha
MT01,Robo,F3,C3,0.19381463359177561,Alpha
MT01,Robo,F3,PZ,0.0165209671122647,Alpha
MT01,Robo,F3,C4,0.06955568700802614,Alpha
MT01,Robo,F3,F4,0.022469980304440453,Alpha
MT01,Robo,F3,FP2,0.31827503264631474,Alpha
MT01,Robo,C3,PZ,0.2404490265024185,Alpha
MT01,Robo,C3,C4,0.0370975524752496,Alpha
MT01,Robo,C3,F4,0.18071569944644206,Alpha
MT01,Robo,C3,FP2,0.11975605972294115,Alpha
MT01,Robo,PZ,C4,0.14207152686643815,Alpha
MT01,Robo,PZ,F4,0.4177014732954332,Alpha
MT01,Robo,PZ,FP2,0.4898292831429082,Alpha
MT01,Robo,C4,F4,0.6544746753048577,Alpha
MT01,Robo,C4,FP2,0.18342418001053973,Alpha
MT01,Robo,F4,FP2,0.6189597403169774,Alpha
MT01,Robo,FP1,F3,0.7254963945409316,Beta
MT01,Robo,FP1,C3,0.4093761515255573,Beta
MT01,Robo,FP1,PZ,0.14784247200556644,Beta
MT01,Robo,FP1,C4,0.06717846026824625,Beta
MT01,Robo,FP1,F4,0.3215717709282798,Beta
MT01,Robo,FP1,FP2,0.6431832319579368,Beta
MT01,Robo,F3,C3,0.20118632701567865,Beta
MT01,Robo,F3,PZ,0.0291235055217613,Beta
MT01,Robo,F3,C4,0.036153784627295446,Beta
MT01,Robo,F3,F4,0.0433386881744402,Beta
MT01,Robo,F3,FP2,0.42342596002681027,Beta
MT01,Robo,C3,PZ,0.2509115414493558,Beta
MT01,Robo,C3,C4,0.0123399880084204,Beta
MT01,Robo,C3,F4,0.24853676238918834,Beta
MT01,Robo,C3,FP2,0.180346539139201,Beta
MT01,Robo,PZ,C4,0.09024795873549915,Beta
MT01,Robo,PZ,F4,0.39953528766748203,Beta
MT01,Robo,PZ,FP2,0.4696108993571348,Beta
MT01,Robo,C4,F4,0.6039025232579001,Beta
MT01,Robo,C4,FP2,0.10395668649280995,Beta
MT01,Robo,F4,FP2,0.5682749659089854,Beta
ST01,Desi,FP1,F3,0.8647115461421434,Theta
ST01,Desi,FP1,C3,0.25845853492115156,Theta
ST01,Desi,FP1,PZ,0.09117206003130235,Theta
ST01,Desi,FP1,C4,0.13581392152288724,Theta
ST01,Desi,FP1,F4,0.6893027134706609,Theta
ST01,Desi,FP1,FP2,0.8591337657204192,Theta
ST01,Desi,F3,C3,0.332307737053414,Theta
ST01,Desi,F3,PZ,0.0484940954862323,Theta
ST01,Desi,F3,C4,0.07572532529816076,Theta
ST01,Desi,F3,F4,0.36446022309968024,Theta
ST01,Desi,F3,FP2,0.6082160632529551,Theta
ST01,Desi,C3,PZ,0.25363322879135264,Theta
ST01,Desi,C3,C4,0.13774062234790124,Theta
ST01,Desi,C3,F4,0.07645391328207295,Theta
ST01,Desi,C3,FP2,0.11119323247472254,Theta
ST01,Desi,PZ,C4,0.19098610486137074,Theta
ST01,Desi,PZ,F4,0.022523832663244252,Theta
ST01,Desi,PZ,FP2,0.0556321240551124,Theta
ST01,Desi,C4,F4,0.2523782884739858,Theta
ST01,Desi,C4,FP2,0.1380621706640231,Theta
ST01,Desi,F4,FP2,0.8143580486233272,Theta
ST01,Desi,FP1,F3,0.8225205620680558,Alpha
ST01,Desi,FP1,C3,0.21819256310404306,Alpha
ST01,Desi,FP1,PZ,0.1004190048362808,Alpha
ST01,Desi,FP1,C4,0.12484872362527186,Alpha
ST01,Desi,FP1,F4,0.58410061406033,Alpha
ST01,Desi,FP1,FP2,0.8552456274423423,Alpha
ST01,Desi,F3,C3,0.3060672150393215,Alpha
ST01,Desi,F3,PZ,0.0571858691901942,Alpha
ST01,Desi,F3,C4,0.06018626547088744,Alpha
ST01,Desi,F3,F4,0.22529188756042365,Alpha
ST01,Desi,F3,FP2,0.5517208456223517,Alpha
ST01,Desi,C3,PZ,0.17687508699116883,Alpha
ST01,Desi,C3,C4,0.03799485759974955,Alpha
ST01,Desi,C3,F4,0.0553121986497134,Alpha
ST01,Desi,C3,FP2,0.1123030088222089,Alpha
ST01,Desi,PZ,C4,0.11689109467516315,Alpha
ST01,Desi,PZ,F4,0.03698287291314145,Alpha
ST01,Desi,PZ,FP2,0.0645360106838478,Alpha
ST01,Desi,C4,F4,0.2442873935750112,Alpha
ST01,Desi,C4,FP2,0.11650727496572184,Alpha
ST01,Desi,F4,FP2,0.7290816797285078,Alpha
ST01,Desi,FP1,F3,0.7700164487960699,Beta
ST01,Desi,FP1,C3,0.11589935350059455,Beta
ST01,Desi,FP1,PZ,0.0258630346259622,Beta
ST01,Desi,FP1,C4,0.0265090432134219,Beta
ST01,Desi,FP1,F4,0.3816515987076915,Beta
ST01,Desi,FP1,FP2,0.7312469160157482,Beta
ST01,Desi,F3,C3,0.17529824225540502,Beta
ST01,Desi,F3,PZ,0.0103213805052266,Beta
ST01,Desi,F3,C4,0.01378029333987695,Beta
ST01,Desi,F3,F4,0.061173477755448555,Beta
ST01,Desi,F3,FP2,0.3758752851011446,Beta
ST01,Desi,C3,PZ,0.175933893135138,Beta
ST01,Desi,C3,C4,0.04071680813192445,Beta
ST01,Desi,C3,F4,0.0168007922791479,Beta
ST01,Desi,C3,FP2,0.0366012415670912,Beta
ST01,Desi,PZ,C4,0.21398410703542234,Beta
ST01,Desi,PZ,F4,0.0134976250861333,Beta
ST01,Desi,PZ,FP2,0.021345637398814947,Beta
ST01,Desi,C4,F4,0.09363143646524096,Beta
ST01,Desi,C4,FP2,0.023173247527390802,Beta
ST01,Desi,F4,FP2,0.5527204109047961,Beta
ST01,Prog,FP1,F3,0.8647115461421434,Theta
ST01,Prog,FP1,C3,0.25845853492115156,Theta
ST01,Prog,FP1,PZ,0.09117206003130235,Theta
ST01,Prog,FP1,C4,0.13581392152288724,Theta
ST01,Prog,FP1,F4,0.6893027134706609,Theta
ST01,Prog,FP1,FP2,0.8591337657204192,Theta
ST01,Prog,F3,C3,0.332307737053414,Theta
ST01,Prog,F3,PZ,0.0484940954862323,Theta
ST01,Prog,F3,C4,0.07572532529816076,Theta
ST01,Prog,F3,F4,0.36446022309968024,Theta
ST01,Prog,F3,FP2,0.6082160632529551,Theta
ST01,Prog,C3,PZ,0.25363322879135264,Theta
ST01,Prog,C3,C4,0.13774062234790124,Theta
ST01,Prog,C3,F4,0.07645391328207295,Theta
ST01,Prog,C3,FP2,0.11119323247472254,Theta
ST01,Prog,PZ,C4,0.19098610486137074,Theta
ST01,Prog,PZ,F4,0.022523832663244252,Theta
ST01,Prog,PZ,FP2,0.0556321240551124,Theta
ST01,Prog,C4,F4,0.2523782884739858,Theta
ST01,Prog,C4,FP2,0.1380621706640231,Theta
ST01,Prog,F4,FP2,0.8143580486233272,Theta
ST01,Prog,FP1,F3,0.8225205620680558,Alpha
ST01,Prog,FP1,C3,0.21819256310404306,Alpha
ST01,Prog,FP1,PZ,0.1004190048362808,Alpha
ST01,Prog,FP1,C4,0.12484872362527186,Alpha
ST01,Prog,FP1,F4,0.58410061406033,Alpha
ST01,Prog,FP1,FP2,0.8552456274423423,Alpha
ST01,Prog,F3,C3,0.3060672150393215,Alpha
ST01,Prog,F3,PZ,0.0571858691901942,Alpha
ST01,Prog,F3,C4,0.06018626547088744,Alpha
ST01,Prog,F3,F4,0.22529188756042365,Alpha
ST01,Prog,F3,FP2,0.5517208456223517,Alpha
ST01,Prog,C3,PZ,0.17687508699116883,Alpha
ST01,Prog,C3,C4,0.03799485759974955,Alpha
ST01,Prog,C3,F4,0.0553121986497134,Alpha
ST01,Prog,C3,FP2,0.1123030088222089,Alpha
ST01,Prog,PZ,C4,0.11689109467516315,Alpha
ST01,Prog,PZ,F4,0.03698287291314145,Alpha
ST01,Prog,PZ,FP2,0.0645360106838478,Alpha
ST01,Prog,C4,F4,0.2442873935750112,Alpha
ST01,Prog,C4,FP2,0.11650727496572184,Alpha
ST01,Prog,F4,FP2,0.7290816797285078,Alpha
ST01,Prog,FP1,F3,0.7700164487960699,Beta
ST01,Prog,FP1,C3,0.11589935350059455,Beta
ST01,Prog,FP1,PZ,0.0258630346259622,Beta
ST01,Prog,FP1,C4,0.0265090432134219,Beta
ST01,Prog,FP1,F4,0.3816515987076915,Beta
ST01,Prog,FP1,FP2,0.7312469160157482,Beta
ST01,Prog,F3,C3,0.17529824225540502,Beta
ST01,Prog,F3,PZ,0.0103213805052266,Beta
ST01,Prog,F3,C4,0.01378029333987695,Beta
ST01,Prog,F3,F4,0.061173477755448555,Beta
ST01,Prog,F3,FP2,0.3758752851011446,Beta
ST01,Prog,C3,PZ,0.175933893135138,Beta
ST01,Prog,C3,C4,0.04071680813192445,Beta
ST01,Prog,C3,F4,0.0168007922791479,Beta
ST01,Prog,C3,FP2,0.0366012415670912,Beta
ST01,Prog,PZ,C4,0.21398410703542234,Beta
ST01,Prog,PZ,F4,0.0134976250861333,Beta
ST01,Prog,PZ,FP2,0.021345637398814947,Beta
ST01,Prog,C4,F4,0.09363143646524096,Beta
ST01,Prog,C4,FP2,0.023173247527390802,Beta
ST01,Prog,F4,FP2,0.5527204109047961,Beta
ST01,Robo,FP1,F3,0.8647115461421434,Theta
ST01,Robo,FP1,C3,0.25845853492115156,Theta
ST01,Robo,FP1,PZ,0.09117206003130235,Theta
ST01,Robo,FP1,C4,0.13581392152288724,Theta
ST01,Robo,FP1,F4,0.6893027134706609,Theta
ST01,Robo,FP1,FP2,0.8591337657204192,Theta
ST01,Robo,F3,C3,0.332307737053414,Theta
ST01,Robo,F3,PZ,0.0484940954862323,Theta
ST01,Robo,F3,C4,0.07572532529816076,Theta
ST01,Robo,F3,F4,0.36446022309968024,Theta
ST01,Robo,F3,FP2,0.6082160632529551,Theta
ST01,Robo,C3,PZ,0.25363322879135264,Theta
ST01,Robo,C3,C4,0.13774062234790124,Theta
ST01,Robo,C3,F4,0.07645391328207295,Theta
ST01,Robo,C3,FP2,0.11119323247472254,Theta
ST01,Robo,PZ,C4,0.19098610486137074,Theta
ST01,Robo,PZ,F4,0.022523832663244252,Theta
ST01,Robo,PZ,FP2,0.0556321240551124,Theta
ST01,Robo,C4,F4,0.2523782884739858,Theta
ST01,Robo,C4,FP2,0.1380621706640231,Theta
ST01,Robo,F4,FP2,0.8143580486233272,Theta
ST01,Robo,FP1,F3,0.8225205620680558,Alpha
ST01,Robo,FP1,C3,0.21819256310404306,Alpha
ST01,Robo,FP1,PZ,0.1004190048362808,Alpha
ST01,Robo,FP1,C4,0.12484872362527186,Alpha
ST01,Robo,FP1,F4,0.58410061406033,Alpha
ST01,Robo,FP1,FP2,0.8552456274423423,Alpha
ST01,Robo,F3,C3,0.3060672150393215,Alpha
ST01,Robo,F3,PZ,0.0571858691901942,Alpha
ST01,Robo,F3,C4,0.06018626547088744,Alpha
ST01,Robo,F3,F4,0.22529188756042365,Alpha
ST01,Robo,F3,FP2,0.5517208456223517,Alpha
ST01,Robo,C3,PZ,0.17687508699116883,Alpha
ST01,Robo,C3,C4,0.03799485759974955,Alpha
ST01,Robo,C3,F4,0.0553121986497134,Alpha
ST01,Robo,C3,FP2,0.1123030088222089,Alpha
ST01,Robo,PZ,C4,0.11689109467516315,Alpha
ST01,Robo,PZ,F4,0.03698287291314145,Alpha
ST01,Robo,PZ,FP2,0.0645360106838478,Alpha
ST01,Robo,C4,F4,0.2442873935750112,Alpha
ST01,Robo,C4,FP2,0.11650727496572184,Alpha
ST01,Robo,F4,FP2,0.7290816797285078,Alpha
ST01,Robo,FP1,F3,0.7700164487960699,Beta
ST01,Robo,FP1,C3,0.11589935350059455,Beta
ST01,Robo,FP1,PZ,0.0258630346259622,Beta
ST01,Robo,FP1,C4,0.0265090432134219,Beta
ST01,Robo,FP1,F4,0.3816515987076915,Beta
ST01,Robo,FP1,FP2,0.7312469160157482,Beta
ST01,Robo,F3,C3,0.17529824225540502,Beta
ST01,Robo,F3,PZ,0.0103213805052266,Beta
ST01,Robo,F3,C4,0.01378029333987695,Beta
ST01,Robo,F3,F4,0.061173477755448555,Beta
ST01,Robo,F3,FP2,0.3758752851011446,Beta
ST01,Robo,C3,PZ,0.175933893135138,Beta
ST01,Robo,C3,C4,0.04071680813192445,Beta
ST01,Robo,C3,F4,0.0168007922791479,Beta
ST01,Robo,C3,FP2,0.0366012415670912,Beta
ST01,Robo,PZ,C4,0.21398410703542234,Beta
ST01,Robo,PZ,F4,0.0134976250861333,Beta
ST01,Robo,PZ,FP2,0.021345637398814947,Beta
ST01,Robo,C4,F4,0.09363143646524096,Beta
ST01,Robo,C4,FP2,0.023173247527390802,Beta
ST01,Robo,F4,FP2,0.5527204109047961,Beta
