,Subject,Lecture,Ch1,Ch2,Cor,Band
0,DJ02,Robo,FP1,F3,0.8775116890484189,Theta
1,DJ02,Robo,FP1,C3,0.04803657902280354,Theta
2,DJ02,Robo,FP1,PZ,0.03601050303929365,Theta
3,DJ02,Robo,FP1,C4,0.06126113009223916,Theta
4,DJ02,Robo,FP1,F4,0.7592161489738272,Theta
5,DJ02,Robo,FP1,FP2,0.7430811942060206,Theta
6,DJ02,Robo,F3,C3,0.10325646678551335,Theta
7,DJ02,Robo,F3,PZ,0.0028700721878654033,Theta
8,DJ02,Robo,F3,C4,0.028020134868387545,Theta
9,DJ02,Robo,F3,F4,0.6290709687193206,Theta
10,DJ02,Robo,F3,FP2,0.5299671461531175,Theta
11,DJ02,Robo,C3,PZ,0.303259174573312,Theta
12,DJ02,Robo,C3,C4,0.1547583117228117,Theta
13,DJ02,Robo,C3,F4,0.22984043682725264,Theta
14,DJ02,Robo,C3,FP2,0.13563005245894488,Theta
15,DJ02,Robo,PZ,C4,0.33265162937437015,Theta
16,DJ02,Robo,PZ,F4,0.15623179738982595,Theta
17,DJ02,Robo,PZ,FP2,0.18521155740731007,Theta
18,DJ02,Robo,C4,F4,0.37555280312611594,Theta
19,DJ02,Robo,C4,FP2,0.43697049837549584,Theta
20,DJ02,Robo,F4,FP2,0.9699930181560865,Theta
21,DJ02,Robo,FP1,F3,0.8076651940902417,Alpha
22,DJ02,Robo,FP1,C3,0.03242997540430786,Alpha
23,DJ02,Robo,FP1,PZ,0.10205488223847961,Alpha
24,DJ02,Robo,FP1,C4,0.09007025317674947,Alpha
25,DJ02,Robo,FP1,F4,0.7236664922397263,Alpha
26,DJ02,Robo,FP1,FP2,0.7149351848791051,Alpha
27,DJ02,Robo,F3,C3,0.1570790634596512,Alpha
28,DJ02,Robo,F3,PZ,0.012502873376232123,Alpha
29,DJ02,Robo,F3,C4,0.014244388132029565,Alpha
30,DJ02,Robo,F3,F4,0.5560116320279435,Alpha
31,DJ02,Robo,F3,FP2,0.4353349450873905,Alpha
32,DJ02,Robo,C3,PZ,0.22122131629258296,Alpha
33,DJ02,Robo,C3,C4,0.08733445179504681,Alpha
34,DJ02,Robo,C3,F4,0.19575824525119476,Alpha
35,DJ02,Robo,C3,FP2,0.08386164076860698,Alpha
36,DJ02,Robo,PZ,C4,0.31295260583088813,Alpha
37,DJ02,Robo,PZ,F4,0.24072462243606826,Alpha
38,DJ02,Robo,PZ,FP2,0.26742724338051954,Alpha
39,DJ02,Robo,C4,F4,0.5082433180603378,Alpha
40,DJ02,Robo,C4,FP2,0.5745540208818223,Alpha
41,DJ02,Robo,F4,FP2,0.9617770902040889,Alpha
42,DJ02,Robo,FP1,F3,0.8756098841981994,Beta
43,DJ02,Robo,FP1,C3,0.06984823662793797,Beta
44,DJ02,Robo,FP1,PZ,0.025737607195413247,Beta
45,DJ02,Robo,FP1,C4,0.01367914305654371,Beta
46,DJ02,Robo,FP1,F4,0.7356698317909887,Beta
47,DJ02,Robo,FP1,FP2,0.668031288403676,Beta
48,DJ02,Robo,F3,C3,0.1872341805073881,Beta
49,DJ02,Robo,F3,PZ,0.024621873715044908,Beta
50,DJ02,Robo,F3,C4,0.03815695791908432,Beta
51,DJ02,Robo,F3,F4,0.5591890384343138,Beta
52,DJ02,Robo,F3,FP2,0.41512494678825695,Beta
53,DJ02,Robo,C3,PZ,0.2404311270120751,Beta
54,DJ02,Robo,C3,C4,0.02928714767614171,Beta
55,DJ02,Robo,C3,F4,0.17328794148556736,Beta
56,DJ02,Robo,C3,FP2,0.0729767516497144,Beta
57,DJ02,Robo,PZ,C4,0.26938174421836697,Beta
58,DJ02,Robo,PZ,F4,0.13411696569169648,Beta
59,DJ02,Robo,PZ,FP2,0.1468860530425777,Beta
60,DJ02,Robo,C4,F4,0.29219962230540086,Beta
61,DJ02,Robo,C4,FP2,0.3963813646871767,Beta
62,DJ02,Robo,F4,FP2,0.9602571739707169,Beta
63,DJ03,Prog,FP1,F3,0.8022881308598485,Theta
64,DJ03,Prog,FP1,C3,0.6900777658713639,Theta
65,DJ03,Prog,FP1,PZ,0.7397706480230585,Theta
66,DJ03,Prog,FP1,C4,0.9038619991348744,Theta
67,DJ03,Prog,FP1,F4,0.5812496193493107,Theta
68,DJ03,Prog,FP1,FP2,0.9752556761448818,Theta
69,DJ03,Prog,F3,C3,0.5769774898272267,Theta
70,DJ03,Prog,F3,PZ,0.3598698708879183,Theta
71,DJ03,Prog,F3,C4,0.5451100852804501,Theta
72,DJ03,Prog,F3,F4,0.4919434712361189,Theta
73,DJ03,Prog,F3,FP2,0.9087328616335009,Theta
74,DJ03,Prog,C3,PZ,0.6109418190012824,Theta
75,DJ03,Prog,C3,C4,0.5666449411117337,Theta
76,DJ03,Prog,C3,F4,0.19827549479407106,Theta
77,DJ03,Prog,C3,FP2,0.6814857813139776,Theta
78,DJ03,Prog,PZ,C4,0.9198872820759483,Theta
79,DJ03,Prog,PZ,F4,0.198859453385677,Theta
80,DJ03,Prog,PZ,FP2,0.610136577209758,Theta
81,DJ03,Prog,C4,F4,0.4180112977637584,Theta
82,DJ03,Prog,C4,FP2,0.8003210258906137,Theta
83,DJ03,Prog,F4,FP2,0.5988100794281265,Theta
84,DJ03,Prog,FP1,F3,0.6465765555012215,Alpha
85,DJ03,Prog,FP1,C3,0.6011706027936279,Alpha
86,DJ03,Prog,FP1,PZ,0.6678938766673816,Alpha
87,DJ03,Prog,FP1,C4,0.839304425275858,Alpha
88,DJ03,Prog,FP1,F4,0.42889427873946306,Alpha
89,DJ03,Prog,FP1,FP2,0.9543040822317124,Alpha
90,DJ03,Prog,F3,C3,0.45558826364481836,Alpha
91,DJ03,Prog,F3,PZ,0.1684208840829113,Alpha
92,DJ03,Prog,F3,C4,0.3114069865933451,Alpha
93,DJ03,Prog,F3,F4,0.28293634737985784,Alpha
94,DJ03,Prog,F3,FP2,0.8271601318707857,Alpha
95,DJ03,Prog,C3,PZ,0.41811444030997713,Alpha
96,DJ03,Prog,C3,C4,0.3865855332319761,Alpha
97,DJ03,Prog,C3,F4,0.15085706411973104,Alpha
98,DJ03,Prog,C3,FP2,0.6099319137952579,Alpha
99,DJ03,Prog,PZ,C4,0.9218193070726081,Alpha
100,DJ03,Prog,PZ,F4,0.07588828940071714,Alpha
101,DJ03,Prog,PZ,FP2,0.4825980283925381,Alpha
102,DJ03,Prog,C4,F4,0.21688136238982722,Alpha
103,DJ03,Prog,C4,FP2,0.6726810333146901,Alpha
104,DJ03,Prog,F4,FP2,0.44776585061036334,Alpha
105,DJ03,Prog,FP1,F3,0.6001126647144038,Beta
106,DJ03,Prog,FP1,C3,0.485378771793418,Beta
107,DJ03,Prog,FP1,PZ,0.5679807875439431,Beta
108,DJ03,Prog,FP1,C4,0.7823146494396622,Beta
109,DJ03,Prog,FP1,F4,0.34031083918128224,Beta
110,DJ03,Prog,FP1,FP2,0.9400668506947394,Beta
111,DJ03,Prog,F3,C3,0.3903783910373628,Beta
112,DJ03,Prog,F3,PZ,0.09241300645685677,Beta
113,DJ03,Prog,F3,C4,0.21322454233527008,Beta
114,DJ03,Prog,F3,F4,0.11865374495711452,Beta
115,DJ03,Prog,F3,FP2,0.814942568663784,Beta
116,DJ03,Prog,C3,PZ,0.32263088698374276,Beta
117,DJ03,Prog,C3,C4,0.23305657749793685,Beta
118,DJ03,Prog,C3,F4,0.03794904120856172,Beta
119,DJ03,Prog,C3,FP2,0.5079665963648088,Beta
120,DJ03,Prog,PZ,C4,0.870593924585361,Beta
121,DJ03,Prog,PZ,F4,0.03144132680828404,Beta
122,DJ03,Prog,PZ,FP2,0.363853972564213,Beta
123,DJ03,Prog,C4,F4,0.18814338256342386,Beta
124,DJ03,Prog,C4,FP2,0.5757380071892134,Beta
125,DJ03,Prog,F4,FP2,0.30542938930240926,Beta
126,DJ03,Robo,FP1,F3,0.7172694153789719,Theta
127,DJ03,Robo,FP1,C3,0.5133653438343829,Theta
128,DJ03,Robo,FP1,PZ,0.6144895943097659,Theta
129,DJ03,Robo,FP1,C4,0.8909190012732098,Theta
130,DJ03,Robo,FP1,F4,0.8735270339135836,Theta
131,DJ03,Robo,FP1,FP2,0.9870555346090193,Theta
132,DJ03,Robo,F3,C3,0.4747744070480771,Theta
133,DJ03,Robo,F3,PZ,0.35930685786884276,Theta
134,DJ03,Robo,F3,C4,0.5556897347700928,Theta
135,DJ03,Robo,F3,F4,0.644463717130185,Theta
136,DJ03,Robo,F3,FP2,0.7889679075584233,Theta
137,DJ03,Robo,C3,PZ,0.7035025156435893,Theta
138,DJ03,Robo,C3,C4,0.7608119145893708,Theta
139,DJ03,Robo,C3,F4,0.3154798541056787,Theta
140,DJ03,Robo,C3,FP2,0.5826642743991761,Theta
141,DJ03,Robo,PZ,C4,0.7915200313452293,Theta
142,DJ03,Robo,PZ,F4,0.28234772717430967,Theta
143,DJ03,Robo,PZ,FP2,0.6556481731716419,Theta
144,DJ03,Robo,C4,F4,0.68764424645869,Theta
145,DJ03,Robo,C4,FP2,0.8946026978832536,Theta
146,DJ03,Robo,F4,FP2,0.8233995300235099,Theta
147,DJ03,Robo,FP1,F3,0.5019635069352782,Alpha
148,DJ03,Robo,FP1,C3,0.21433340850492125,Alpha
149,DJ03,Robo,FP1,PZ,0.38833454437639436,Alpha
150,DJ03,Robo,FP1,C4,0.7814453455582395,Alpha
151,DJ03,Robo,FP1,F4,0.7402238635568125,Alpha
152,DJ03,Robo,FP1,FP2,0.9733264295342245,Alpha
153,DJ03,Robo,F3,C3,0.2642605154743413,Alpha
154,DJ03,Robo,F3,PZ,0.11777328602293227,Alpha
155,DJ03,Robo,F3,C4,0.3089715557597938,Alpha
156,DJ03,Robo,F3,F4,0.4176781329979239,Alpha
157,DJ03,Robo,F3,FP2,0.6199962130000792,Alpha
158,DJ03,Robo,C3,PZ,0.33898660017934124,Alpha
159,DJ03,Robo,C3,C4,0.5672924934128625,Alpha
160,DJ03,Robo,C3,F4,0.11500263317973476,Alpha
161,DJ03,Robo,C3,FP2,0.28970181722835636,Alpha
162,DJ03,Robo,PZ,C4,0.5606599034355368,Alpha
163,DJ03,Robo,PZ,F4,0.04201022014935632,Alpha
164,DJ03,Robo,PZ,FP2,0.4472595696615036,Alpha
165,DJ03,Robo,C4,F4,0.5117602476104615,Alpha
166,DJ03,Robo,C4,FP2,0.7842580873074436,Alpha
167,DJ03,Robo,F4,FP2,0.6555612827365107,Alpha
168,DJ03,Robo,FP1,F3,0.09484771632143636,Beta
169,DJ03,Robo,FP1,C3,0.030118369426456574,Beta
170,DJ03,Robo,FP1,PZ,0.237108506284938,Beta
171,DJ03,Robo,FP1,C4,0.7129382370820777,Beta
172,DJ03,Robo,FP1,F4,0.7713872248645145,Beta
173,DJ03,Robo,FP1,FP2,0.9370866150291893,Beta
174,DJ03,Robo,F3,C3,0.13810598976040206,Beta
175,DJ03,Robo,F3,PZ,0.013786901651743759,Beta
176,DJ03,Robo,F3,C4,0.02721979279841235,Beta
177,DJ03,Robo,F3,F4,0.059917407121700184,Beta
178,DJ03,Robo,F3,FP2,0.2313533097598607,Beta
179,DJ03,Robo,C3,PZ,0.208503011210556,Beta
180,DJ03,Robo,C3,C4,0.29611846157826066,Beta
181,DJ03,Robo,C3,F4,0.010017984266431985,Beta
182,DJ03,Robo,C3,FP2,0.0849491639055503,Beta
183,DJ03,Robo,PZ,C4,0.42329259103348305,Beta
184,DJ03,Robo,PZ,F4,0.010023119103507675,Beta
185,DJ03,Robo,PZ,FP2,0.3040053730332325,Beta
186,DJ03,Robo,C4,F4,0.5159181447481727,Beta
187,DJ03,Robo,C4,FP2,0.6762676944414386,Beta
188,DJ03,Robo,F4,FP2,0.6281262129052008,Beta
189,DT01,Desi,FP1,F3,0.7860655003006772,Theta
190,DT01,Desi,FP1,C3,0.15728761043580353,Theta
191,DT01,Desi,FP1,PZ,0.26078518238227844,Theta
192,DT01,Desi,FP1,C4,0.5347843407619963,Theta
193,DT01,Desi,FP1,F4,0.8264034907028248,Theta
194,DT01,Desi,FP1,FP2,0.954873165835662,Theta
195,DT01,Desi,F3,C3,0.37143070580133586,Theta
196,DT01,Desi,F3,PZ,0.1606341882110263,Theta
197,DT01,Desi,F3,C4,0.8219571634072091,Theta
198,DT01,Desi,F3,F4,0.578470975441607,Theta
199,DT01,Desi,F3,FP2,0.5926174120613906,Theta
200,DT01,Desi,C3,PZ,0.3286529570510028,Theta
201,DT01,Desi,C3,C4,0.254321035103521,Theta
202,DT01,Desi,C3,F4,0.05198826676435128,Theta
203,DT01,Desi,C3,FP2,0.08779243925919673,Theta
204,DT01,Desi,PZ,C4,0.20398192348128336,Theta
205,DT01,Desi,PZ,F4,0.031459325187274775,Theta
206,DT01,Desi,PZ,FP2,0.29466010525471165,Theta
207,DT01,Desi,C4,F4,0.23697158996149637,Theta
208,DT01,Desi,C4,FP2,0.3522329886062878,Theta
209,DT01,Desi,F4,FP2,0.8209262102895546,Theta
210,DT01,Desi,FP1,F3,0.7038180161375494,Alpha
211,DT01,Desi,FP1,C3,0.07097406531898003,Alpha
212,DT01,Desi,FP1,PZ,0.25443989123733973,Alpha
213,DT01,Desi,FP1,C4,0.38443621983279985,Alpha
214,DT01,Desi,FP1,F4,0.7373760445657321,Alpha
215,DT01,Desi,FP1,FP2,0.9496394328916686,Alpha
216,DT01,Desi,F3,C3,0.2604005811412808,Alpha
217,DT01,Desi,F3,PZ,0.1321309573243216,Alpha
218,DT01,Desi,F3,C4,0.7165976400160124,Alpha
219,DT01,Desi,F3,F4,0.4368967608932689,Alpha
220,DT01,Desi,F3,FP2,0.4867644325529638,Alpha
221,DT01,Desi,C3,PZ,0.27039386828408307,Alpha
222,DT01,Desi,C3,C4,0.10967092946804594,Alpha
223,DT01,Desi,C3,F4,0.008772703488323232,Alpha
224,DT01,Desi,C3,FP2,0.03314754986117879,Alpha
225,DT01,Desi,PZ,C4,0.1988041047739576,Alpha
226,DT01,Desi,PZ,F4,0.014175422833781023,Alpha
227,DT01,Desi,PZ,FP2,0.2886930079313014,Alpha
228,DT01,Desi,C4,F4,0.0678618074058818,Alpha
229,DT01,Desi,C4,FP2,0.21483301332568883,Alpha
230,DT01,Desi,F4,FP2,0.7367972515052208,Alpha
231,DT01,Desi,FP1,F3,0.7056129253291471,Beta
232,DT01,Desi,FP1,C3,0.03631284502907646,Beta
233,DT01,Desi,FP1,PZ,0.12457683812207389,Beta
234,DT01,Desi,FP1,C4,0.3269921418874311,Beta
235,DT01,Desi,FP1,F4,0.7395338679880366,Beta
236,DT01,Desi,FP1,FP2,0.9413905782081059,Beta
237,DT01,Desi,F3,C3,0.20305956639391787,Beta
238,DT01,Desi,F3,PZ,0.1070777940686949,Beta
239,DT01,Desi,F3,C4,0.7252908313897004,Beta
240,DT01,Desi,F3,F4,0.3586026462910358,Beta
241,DT01,Desi,F3,FP2,0.4721108717759822,Beta
242,DT01,Desi,C3,PZ,0.28091647242238144,Beta
243,DT01,Desi,C3,C4,0.12072460010358395,Beta
244,DT01,Desi,C3,F4,0.012721311709528147,Beta
245,DT01,Desi,C3,FP2,0.013815459966506098,Beta
246,DT01,Desi,PZ,C4,0.20583439172862394,Beta
247,DT01,Desi,PZ,F4,0.01743293332678335,Beta
248,DT01,Desi,PZ,FP2,0.12310967195775385,Beta
249,DT01,Desi,C4,F4,0.03419755253346367,Beta
250,DT01,Desi,C4,FP2,0.1513997861525214,Beta
251,DT01,Desi,F4,FP2,0.7900328531428219,Beta
252,DT01,Prog,FP1,F3,0.8271534418839779,Theta
253,DT01,Prog,FP1,C3,0.17642879415816662,Theta
254,DT01,Prog,FP1,PZ,0.3781672649181082,Theta
255,DT01,Prog,FP1,C4,0.36796183013542083,Theta
256,DT01,Prog,FP1,F4,0.8418466331983635,Theta
257,DT01,Prog,FP1,FP2,0.9096801903826919,Theta
258,DT01,Prog,F3,C3,0.11682068308582305,Theta
259,DT01,Prog,F3,PZ,0.08670254567739831,Theta
260,DT01,Prog,F3,C4,0.10430357312952981,Theta
261,DT01,Prog,F3,F4,0.8452011781048551,Theta
262,DT01,Prog,F3,FP2,0.6098422928856235,Theta
263,DT01,Prog,C3,PZ,0.20459703507322882,Theta
264,DT01,Prog,C3,C4,0.09197672741941024,Theta
265,DT01,Prog,C3,F4,0.13467099482999967,Theta
266,DT01,Prog,C3,FP2,0.17220308311570404,Theta
267,DT01,Prog,PZ,C4,0.34631727218083536,Theta
268,DT01,Prog,PZ,F4,0.10008445028206922,Theta
269,DT01,Prog,PZ,FP2,0.42301118303460966,Theta
270,DT01,Prog,C4,F4,0.37576567129920574,Theta
271,DT01,Prog,C4,FP2,0.6637091281584302,Theta
272,DT01,Prog,F4,FP2,0.8187107906162978,Theta
273,DT01,Prog,FP1,F3,0.7924827692582719,Alpha
274,DT01,Prog,FP1,C3,0.1424446836076233,Alpha
275,DT01,Prog,FP1,PZ,0.3104739844404239,Alpha
276,DT01,Prog,FP1,C4,0.2365226872960676,Alpha
277,DT01,Prog,FP1,F4,0.7315026561022879,Alpha
278,DT01,Prog,FP1,FP2,0.8643893793643749,Alpha
279,DT01,Prog,F3,C3,0.08124113785218041,Alpha
280,DT01,Prog,F3,PZ,0.03929671150213638,Alpha
281,DT01,Prog,F3,C4,0.03437930338824194,Alpha
282,DT01,Prog,F3,F4,0.7654025540734195,Alpha
283,DT01,Prog,F3,FP2,0.5271876199582822,Alpha
284,DT01,Prog,C3,PZ,0.19159908907823867,Alpha
285,DT01,Prog,C3,C4,0.04514082791654705,Alpha
286,DT01,Prog,C3,F4,0.07032696471211525,Alpha
287,DT01,Prog,C3,FP2,0.1214073165606131,Alpha
288,DT01,Prog,PZ,C4,0.15259242341592932,Alpha
289,DT01,Prog,PZ,F4,0.015012699593359755,Alpha
290,DT01,Prog,PZ,FP2,0.2916028755382614,Alpha
291,DT01,Prog,C4,F4,0.30986840487711015,Alpha
292,DT01,Prog,C4,FP2,0.5924589330518506,Alpha
293,DT01,Prog,F4,FP2,0.7582170982915372,Alpha
294,DT01,Prog,FP1,F3,0.8209349952369719,Beta
295,DT01,Prog,FP1,C3,0.11935009656962015,Beta
296,DT01,Prog,FP1,PZ,0.21896442613143358,Beta
297,DT01,Prog,FP1,C4,0.23674922994538125,Beta
298,DT01,Prog,FP1,F4,0.8161361453132994,Beta
299,DT01,Prog,FP1,FP2,0.8826898406052547,Beta
300,DT01,Prog,F3,C3,0.06232692774591156,Beta
301,DT01,Prog,F3,PZ,0.018192967472928017,Beta
302,DT01,Prog,F3,C4,0.03085739323437922,Beta
303,DT01,Prog,F3,F4,0.8304388871125824,Beta
304,DT01,Prog,F3,FP2,0.5665330553578126,Beta
305,DT01,Prog,C3,PZ,0.16197835613647515,Beta
306,DT01,Prog,C3,C4,0.06800306862297957,Beta
307,DT01,Prog,C3,F4,0.07686772853723864,Beta
308,DT01,Prog,C3,FP2,0.12351978458016989,Beta
309,DT01,Prog,PZ,C4,0.2273008640506192,Beta
310,DT01,Prog,PZ,F4,0.017447498134053507,Beta
311,DT01,Prog,PZ,FP2,0.25911057054399195,Beta
312,DT01,Prog,C4,F4,0.25919765877296685,Beta
313,DT01,Prog,C4,FP2,0.5670152717956216,Beta
314,DT01,Prog,F4,FP2,0.7889906904348821,Beta
315,DT02,Desi,FP1,F3,0.9378411016307223,Theta
316,DT02,Desi,FP1,C3,0.5807351876508899,Theta
317,DT02,Desi,FP1,PZ,0.24870735208632877,Theta
318,DT02,Desi,FP1,C4,0.33089138691834297,Theta
319,DT02,Desi,FP1,F4,0.5487215284465605,Theta
320,DT02,Desi,FP1,FP2,0.9391794588181293,Theta
321,DT02,Desi,F3,C3,0.39742948881048445,Theta
322,DT02,Desi,F3,PZ,0.10548652711362864,Theta
323,DT02,Desi,F3,C4,0.17175673041571884,Theta
324,DT02,Desi,F3,F4,0.41242283148812764,Theta
325,DT02,Desi,F3,FP2,0.8156230473493562,Theta
326,DT02,Desi,C3,PZ,0.7237028912702811,Theta
327,DT02,Desi,C3,C4,0.70119810191514,Theta
328,DT02,Desi,C3,F4,0.19793111867174998,Theta
329,DT02,Desi,C3,FP2,0.5433032274379317,Theta
330,DT02,Desi,PZ,C4,0.40981754133899584,Theta
331,DT02,Desi,PZ,F4,0.09568965458253095,Theta
332,DT02,Desi,PZ,FP2,0.21998982840407416,Theta
333,DT02,Desi,C4,F4,0.32466557424376036,Theta
334,DT02,Desi,C4,FP2,0.4555234794956216,Theta
335,DT02,Desi,F4,FP2,0.7478456754296696,Theta
336,DT02,Desi,FP1,F3,0.9102770225309993,Alpha
337,DT02,Desi,FP1,C3,0.5249712767339492,Alpha
338,DT02,Desi,FP1,PZ,0.16644722196326311,Alpha
339,DT02,Desi,FP1,C4,0.15299139037682882,Alpha
340,DT02,Desi,FP1,F4,0.23871748587586486,Alpha
341,DT02,Desi,FP1,FP2,0.8759947398948229,Alpha
342,DT02,Desi,F3,C3,0.3163164877205576,Alpha
343,DT02,Desi,F3,PZ,0.0388350607007195,Alpha
344,DT02,Desi,F3,C4,0.03842060850916349,Alpha
345,DT02,Desi,F3,F4,0.10839996183815093,Alpha
346,DT02,Desi,F3,FP2,0.6911914315538213,Alpha
347,DT02,Desi,C3,PZ,0.6461765632955443,Alpha
348,DT02,Desi,C3,C4,0.5206795796109734,Alpha
349,DT02,Desi,C3,F4,0.05831940467760029,Alpha
350,DT02,Desi,C3,FP2,0.4490677175970782,Alpha
351,DT02,Desi,PZ,C4,0.24594936022047703,Alpha
352,DT02,Desi,PZ,F4,0.03542099480279852,Alpha
353,DT02,Desi,PZ,FP2,0.12684171482215145,Alpha
354,DT02,Desi,C4,F4,0.22706470633189837,Alpha
355,DT02,Desi,C4,FP2,0.32347874945414523,Alpha
356,DT02,Desi,F4,FP2,0.5337682328003288,Alpha
357,DT02,Desi,FP1,F3,0.9027295039750023,Beta
358,DT02,Desi,FP1,C3,0.41526059088199235,Beta
359,DT02,Desi,FP1,PZ,0.06274974867036243,Beta
360,DT02,Desi,FP1,C4,0.03912706658012016,Beta
361,DT02,Desi,FP1,F4,0.07979565199186928,Beta
362,DT02,Desi,FP1,FP2,0.8057599978905948,Beta
363,DT02,Desi,F3,C3,0.2511623285189324,Beta
364,DT02,Desi,F3,PZ,0.01428114445482553,Beta
365,DT02,Desi,F3,C4,0.020172229656899604,Beta
366,DT02,Desi,F3,F4,0.016297357463758797,Beta
367,DT02,Desi,F3,FP2,0.5684887081053355,Beta
368,DT02,Desi,C3,PZ,0.5508339203957014,Beta
369,DT02,Desi,C3,C4,0.38954416662306157,Beta
370,DT02,Desi,C3,F4,0.020726599634397363,Beta
371,DT02,Desi,C3,FP2,0.3002633421057403,Beta
372,DT02,Desi,PZ,C4,0.26724101134375794,Beta
373,DT02,Desi,PZ,F4,0.031448698036818754,Beta
374,DT02,Desi,PZ,FP2,0.060653671746263293,Beta
375,DT02,Desi,C4,F4,0.1769232957934256,Beta
376,DT02,Desi,C4,FP2,0.18321751926365543,Beta
377,DT02,Desi,F4,FP2,0.4058290119865645,Beta
378,DT02,Prog,FP1,F3,0.69795987414777,Theta
379,DT02,Prog,FP1,C3,0.15211259175526615,Theta
380,DT02,Prog,FP1,PZ,0.10889685632550797,Theta
381,DT02,Prog,FP1,C4,0.3212539926249276,Theta
382,DT02,Prog,FP1,F4,0.9373339731285759,Theta
383,DT02,Prog,FP1,FP2,0.989383403218229,Theta
384,DT02,Prog,F3,C3,0.07767590122885976,Theta
385,DT02,Prog,F3,PZ,0.05400797916051968,Theta
386,DT02,Prog,F3,C4,0.06273785436494315,Theta
387,DT02,Prog,F3,F4,0.8300492662653276,Theta
388,DT02,Prog,F3,FP2,0.7836077702492827,Theta
389,DT02,Prog,C3,PZ,0.30393817337820767,Theta
390,DT02,Prog,C3,C4,0.21065587513988956,Theta
391,DT02,Prog,C3,F4,0.056087680630370576,Theta
392,DT02,Prog,C3,FP2,0.15154488930043528,Theta
393,DT02,Prog,PZ,C4,0.3946731066329711,Theta
394,DT02,Prog,PZ,F4,0.021505539178074042,Theta
395,DT02,Prog,PZ,FP2,0.06374397480454158,Theta
396,DT02,Prog,C4,F4,0.15040502377694034,Theta
397,DT02,Prog,C4,FP2,0.25721340031975165,Theta
398,DT02,Prog,F4,FP2,0.9644985059227301,Theta
399,DT02,Prog,FP1,F3,0.509250760769905,Alpha
400,DT02,Prog,FP1,C3,0.11754571144695351,Alpha
401,DT02,Prog,FP1,PZ,0.15417311053286312,Alpha
402,DT02,Prog,FP1,C4,0.3064060564409043,Alpha
403,DT02,Prog,FP1,F4,0.9224706072913593,Alpha
404,DT02,Prog,FP1,FP2,0.9817350161134442,Alpha
405,DT02,Prog,F3,C3,0.09515259840737753,Alpha
406,DT02,Prog,F3,PZ,0.11715027428074101,Alpha
407,DT02,Prog,F3,C4,0.028417086927741864,Alpha
408,DT02,Prog,F3,F4,0.6877794411118499,Alpha
409,DT02,Prog,F3,FP2,0.6342200720781592,Alpha
410,DT02,Prog,C3,PZ,0.14009666869650195,Alpha
411,DT02,Prog,C3,C4,0.07410686336568666,Alpha
412,DT02,Prog,C3,F4,0.05507777017557376,Alpha
413,DT02,Prog,C3,FP2,0.13287707828426393,Alpha
414,DT02,Prog,PZ,C4,0.25270734575445164,Alpha
415,DT02,Prog,PZ,F4,0.03302650265105696,Alpha
416,DT02,Prog,PZ,FP2,0.08576378212789738,Alpha
417,DT02,Prog,C4,F4,0.12463733903765872,Alpha
418,DT02,Prog,C4,FP2,0.227440007014542,Alpha
419,DT02,Prog,F4,FP2,0.9619444180351028,Alpha
420,DT02,Prog,FP1,F3,0.6068281245098192,Beta
421,DT02,Prog,FP1,C3,0.10074454124896162,Beta
422,DT02,Prog,FP1,PZ,0.17718523956181714,Beta
423,DT02,Prog,FP1,C4,0.17174750350180334,Beta
424,DT02,Prog,FP1,F4,0.9388201808134928,Beta
425,DT02,Prog,FP1,FP2,0.9854191615953508,Beta
426,DT02,Prog,F3,C3,0.1007965027251823,Beta
427,DT02,Prog,F3,PZ,0.07605077423001264,Beta
428,DT02,Prog,F3,C4,0.013337749576676883,Beta
429,DT02,Prog,F3,F4,0.7537504497397931,Beta
430,DT02,Prog,F3,FP2,0.7125054635375154,Beta
431,DT02,Prog,C3,PZ,0.14283038918654128,Beta
432,DT02,Prog,C3,C4,0.034936652675485715,Beta
433,DT02,Prog,C3,F4,0.05014946815868651,Beta
434,DT02,Prog,C3,FP2,0.115288860529654,Beta
435,DT02,Prog,PZ,C4,0.2578211325572526,Beta
436,DT02,Prog,PZ,F4,0.06311700516734176,Beta
437,DT02,Prog,PZ,FP2,0.11570549136260748,Beta
438,DT02,Prog,C4,F4,0.05166934567593855,Beta
439,DT02,Prog,C4,FP2,0.1144677448827437,Beta
440,DT02,Prog,F4,FP2,0.9708436657898174,Beta
441,DT02,Robo,FP1,F3,0.7882948115706887,Theta
442,DT02,Robo,FP1,C3,0.7954799786695469,Theta
443,DT02,Robo,FP1,PZ,0.5301280439778476,Theta
444,DT02,Robo,FP1,C4,0.3760934108387983,Theta
445,DT02,Robo,FP1,F4,0.6413272052171679,Theta
446,DT02,Robo,FP1,FP2,0.8659261453749093,Theta
447,DT02,Robo,F3,C3,0.59838881239111,Theta
448,DT02,Robo,F3,PZ,0.23998860964103985,Theta
449,DT02,Robo,F3,C4,0.13112002188244842,Theta
450,DT02,Robo,F3,F4,0.33325884512092746,Theta
451,DT02,Robo,F3,FP2,0.6046353436569117,Theta
452,DT02,Robo,C3,PZ,0.8514725195407633,Theta
453,DT02,Robo,C3,C4,0.37964937392842907,Theta
454,DT02,Robo,C3,F4,0.2529236391753825,Theta
455,DT02,Robo,C3,FP2,0.4648366325625098,Theta
456,DT02,Robo,PZ,C4,0.5043479655164116,Theta
457,DT02,Robo,PZ,F4,0.16906162921112491,Theta
458,DT02,Robo,PZ,FP2,0.2795045112157307,Theta
459,DT02,Robo,C4,F4,0.3167739161990287,Theta
460,DT02,Robo,C4,FP2,0.35579716039010045,Theta
461,DT02,Robo,F4,FP2,0.9179857739404762,Theta
462,DT02,Robo,FP1,F3,0.669242339553134,Alpha
463,DT02,Robo,FP1,C3,0.7233314412656042,Alpha
464,DT02,Robo,FP1,PZ,0.41641147182480465,Alpha
465,DT02,Robo,FP1,C4,0.20256519195582356,Alpha
466,DT02,Robo,FP1,F4,0.5071280862352001,Alpha
467,DT02,Robo,FP1,FP2,0.7978494013983777,Alpha
468,DT02,Robo,F3,C3,0.4559169827195362,Alpha
469,DT02,Robo,F3,PZ,0.08403019830380166,Alpha
470,DT02,Robo,F3,C4,0.025674320076469283,Alpha
471,DT02,Robo,F3,F4,0.12887322320913472,Alpha
472,DT02,Robo,F3,FP2,0.41055521669875195,Alpha
473,DT02,Robo,C3,PZ,0.7998101610377184,Alpha
474,DT02,Robo,C3,C4,0.16924998870723057,Alpha
475,DT02,Robo,C3,F4,0.10427096719667947,Alpha
476,DT02,Robo,C3,FP2,0.29786541064057603,Alpha
477,DT02,Robo,PZ,C4,0.2874211122108322,Alpha
478,DT02,Robo,PZ,F4,0.07120206277060412,Alpha
479,DT02,Robo,PZ,FP2,0.14585686234532508,Alpha
480,DT02,Robo,C4,F4,0.2055125191464581,Alpha
481,DT02,Robo,C4,FP2,0.23053333089334993,Alpha
482,DT02,Robo,F4,FP2,0.8836906882261457,Alpha
483,DT02,Robo,FP1,F3,0.5922158063242005,Beta
484,DT02,Robo,FP1,C3,0.6453146834485287,Beta
485,DT02,Robo,FP1,PZ,0.29520953454844834,Beta
486,DT02,Robo,FP1,C4,0.12110842160830027,Beta
487,DT02,Robo,FP1,F4,0.4098173875367697,Beta
488,DT02,Robo,FP1,FP2,0.7482721615203111,Beta
489,DT02,Robo,F3,C3,0.47086347007585827,Beta
490,DT02,Robo,F3,PZ,0.03498756523342788,Beta
491,DT02,Robo,F3,C4,0.008769505515678733,Beta
492,DT02,Robo,F3,F4,0.03191276498560973,Beta
493,DT02,Robo,F3,FP2,0.242895913103316,Beta
494,DT02,Robo,C3,PZ,0.6824687612543529,Beta
495,DT02,Robo,C3,C4,0.10198873284209717,Beta
496,DT02,Robo,C3,F4,0.028740078292270214,Beta
497,DT02,Robo,C3,FP2,0.18381018515643188,Beta
498,DT02,Robo,PZ,C4,0.273456530053168,Beta
499,DT02,Robo,PZ,F4,0.03790590947150955,Beta
500,DT02,Robo,PZ,FP2,0.08344081910599842,Beta
501,DT02,Robo,C4,F4,0.14070457688715415,Beta
502,DT02,Robo,C4,FP2,0.1518834354873366,Beta
503,DT02,Robo,F4,FP2,0.8621963726292532,Beta
504,DT03,Desi,FP1,F3,0.7937728910919932,Theta
505,DT03,Desi,FP1,C3,0.15021252911450134,Theta
506,DT03,Desi,FP1,PZ,0.046292065749197114,Theta
507,DT03,Desi,FP1,C4,0.02887926472542015,Theta
508,DT03,Desi,FP1,F4,0.655991781741774,Theta
509,DT03,Desi,FP1,FP2,0.9998045002991036,Theta
510,DT03,Desi,F3,C3,0.4289289626559081,Theta
511,DT03,Desi,F3,PZ,0.014917367598271856,Theta
512,DT03,Desi,F3,C4,0.030139919476334293,Theta
513,DT03,Desi,F3,F4,0.31251715560480037,Theta
514,DT03,Desi,F3,FP2,0.7853027028241951,Theta
515,DT03,Desi,C3,PZ,0.5360230010837517,Theta
516,DT03,Desi,C3,C4,0.33874715792519267,Theta
517,DT03,Desi,C3,F4,0.11218291013081923,Theta
518,DT03,Desi,C3,FP2,0.14633614929739716,Theta
519,DT03,Desi,PZ,C4,0.2566824047523854,Theta
520,DT03,Desi,PZ,F4,0.021121368250416123,Theta
521,DT03,Desi,PZ,FP2,0.04593911361176005,Theta
522,DT03,Desi,C4,F4,0.2091935150375742,Theta
523,DT03,Desi,C4,FP2,0.028543096424892375,Theta
524,DT03,Desi,F4,FP2,0.6624036512813363,Theta
525,DT03,Desi,FP1,F3,0.7304826463594285,Alpha
526,DT03,Desi,FP1,C3,0.07392716520526701,Alpha
527,DT03,Desi,FP1,PZ,0.09053607363274671,Alpha
528,DT03,Desi,FP1,C4,0.005866443771836032,Alpha
529,DT03,Desi,FP1,F4,0.5837902824384689,Alpha
530,DT03,Desi,FP1,FP2,0.9997378588034234,Alpha
531,DT03,Desi,F3,C3,0.38263304600120907,Alpha
532,DT03,Desi,F3,PZ,0.02635733938530598,Alpha
533,DT03,Desi,F3,C4,0.00842707409422634,Alpha
534,DT03,Desi,F3,F4,0.18736568113283264,Alpha
535,DT03,Desi,F3,FP2,0.7207938080033779,Alpha
536,DT03,Desi,C3,PZ,0.558008193570877,Alpha
537,DT03,Desi,C3,C4,0.1885052526376904,Alpha
538,DT03,Desi,C3,F4,0.016832655186171157,Alpha
539,DT03,Desi,C3,FP2,0.07116336531598191,Alpha
540,DT03,Desi,PZ,C4,0.11212091953609585,Alpha
541,DT03,Desi,PZ,F4,0.026177925442617923,Alpha
542,DT03,Desi,PZ,FP2,0.0891196419519545,Alpha
543,DT03,Desi,C4,F4,0.14900516892119972,Alpha
544,DT03,Desi,C4,FP2,0.006095856637617508,Alpha
545,DT03,Desi,F4,FP2,0.5916391687833075,Alpha
546,DT03,Desi,FP1,F3,0.5291553449339772,Beta
547,DT03,Desi,FP1,C3,0.04069863611304457,Beta
548,DT03,Desi,FP1,PZ,0.03071004363902296,Beta
549,DT03,Desi,FP1,C4,0.01765678599718879,Beta
550,DT03,Desi,FP1,F4,0.53142536785722,Beta
551,DT03,Desi,FP1,FP2,0.9995361564392816,Beta
552,DT03,Desi,F3,C3,0.37734805388458303,Beta
553,DT03,Desi,F3,PZ,0.02288443776514429,Beta
554,DT03,Desi,F3,C4,0.02627069624023079,Beta
555,DT03,Desi,F3,F4,0.035504845166510535,Beta
556,DT03,Desi,F3,FP2,0.5114565327682484,Beta
557,DT03,Desi,C3,PZ,0.43269365926608566,Beta
558,DT03,Desi,C3,C4,0.1280574615210805,Beta
559,DT03,Desi,C3,F4,0.006936598712512105,Beta
560,DT03,Desi,C3,FP2,0.03757168481422047,Beta
561,DT03,Desi,PZ,C4,0.19365903679287133,Beta
562,DT03,Desi,PZ,F4,0.03323241180879474,Beta
563,DT03,Desi,PZ,FP2,0.028483230777243542,Beta
564,DT03,Desi,C4,F4,0.2601509999960366,Beta
565,DT03,Desi,C4,FP2,0.01803731619662337,Beta
566,DT03,Desi,F4,FP2,0.5474037326125744,Beta
567,DT03,Robo,FP1,F3,0.842927357436991,Theta
568,DT03,Robo,FP1,C3,0.0799491988909424,Theta
569,DT03,Robo,FP1,PZ,0.03718048052610509,Theta
570,DT03,Robo,FP1,C4,0.03857737451413697,Theta
571,DT03,Robo,FP1,F4,0.5581712625036159,Theta
572,DT03,Robo,FP1,FP2,0.627488718966924,Theta
573,DT03,Robo,F3,C3,0.17116657192898277,Theta
574,DT03,Robo,F3,PZ,0.014843385277903553,Theta
575,DT03,Robo,F3,C4,0.046691015865060616,Theta
576,DT03,Robo,F3,F4,0.20758685513173894,Theta
577,DT03,Robo,F3,FP2,0.2582691028003361,Theta
578,DT03,Robo,C3,PZ,0.11163099091800248,Theta
579,DT03,Robo,C3,C4,0.26961308793042144,Theta
580,DT03,Robo,C3,F4,0.010224784419448175,Theta
581,DT03,Robo,C3,FP2,0.012678994663634438,Theta
582,DT03,Robo,PZ,C4,0.25977607122957974,Theta
583,DT03,Robo,PZ,F4,0.014366685282375346,Theta
584,DT03,Robo,PZ,FP2,0.018014856021899766,Theta
585,DT03,Robo,C4,F4,0.2819650856355819,Theta
586,DT03,Robo,C4,FP2,0.3096296019384434,Theta
587,DT03,Robo,F4,FP2,0.9866139800924643,Theta
588,DT03,Robo,FP1,F3,0.8853013478131523,Alpha
589,DT03,Robo,FP1,C3,0.14019606181659022,Alpha
590,DT03,Robo,FP1,PZ,0.03563847850299261,Alpha
591,DT03,Robo,FP1,C4,0.009973710207317394,Alpha
592,DT03,Robo,FP1,F4,0.5282925197176149,Alpha
593,DT03,Robo,FP1,FP2,0.6067663076077576,Alpha
594,DT03,Robo,F3,C3,0.20886841404945605,Alpha
595,DT03,Robo,F3,PZ,0.024808946004035708,Alpha
596,DT03,Robo,F3,C4,0.09659377708770336,Alpha
597,DT03,Robo,F3,F4,0.24062144449089215,Alpha
598,DT03,Robo,F3,FP2,0.2994715964894417,Alpha
599,DT03,Robo,C3,PZ,0.15055596237414048,Alpha
600,DT03,Robo,C3,C4,0.35475794331024035,Alpha
601,DT03,Robo,C3,F4,0.021873318141655294,Alpha
602,DT03,Robo,C3,FP2,0.01784207706163013,Alpha
603,DT03,Robo,PZ,C4,0.1563516235865737,Alpha
604,DT03,Robo,PZ,F4,0.02513540542283223,Alpha
605,DT03,Robo,PZ,FP2,0.02486288290320851,Alpha
606,DT03,Robo,C4,F4,0.1276596773411193,Alpha
607,DT03,Robo,C4,FP2,0.15548639912321532,Alpha
608,DT03,Robo,F4,FP2,0.9809202726468748,Alpha
609,DT03,Robo,FP1,F3,0.7792427707267452,Beta
610,DT03,Robo,FP1,C3,0.06642232159352614,Beta
611,DT03,Robo,FP1,PZ,0.006774617291431991,Beta
612,DT03,Robo,FP1,C4,0.017277333548052862,Beta
613,DT03,Robo,FP1,F4,0.38610144408651287,Beta
614,DT03,Robo,FP1,FP2,0.46291820509028847,Beta
615,DT03,Robo,F3,C3,0.1522036360691222,Beta
616,DT03,Robo,F3,PZ,0.011326177108519096,Beta
617,DT03,Robo,F3,C4,0.14786117299849544,Beta
618,DT03,Robo,F3,F4,0.06842192868511046,Beta
619,DT03,Robo,F3,FP2,0.0974254782704129,Beta
620,DT03,Robo,C3,PZ,0.1085894811124346,Beta
621,DT03,Robo,C3,C4,0.44547943753843344,Beta
622,DT03,Robo,C3,F4,0.012586423054543432,Beta
623,DT03,Robo,C3,FP2,0.02250240200193808,Beta
624,DT03,Robo,PZ,C4,0.07343640180819717,Beta
625,DT03,Robo,PZ,F4,0.021028809766464443,Beta
626,DT03,Robo,PZ,FP2,0.020282470701397284,Beta
627,DT03,Robo,C4,F4,0.32111329306381187,Beta
628,DT03,Robo,C4,FP2,0.34902527966401226,Beta
629,DT03,Robo,F4,FP2,0.9837160398846008,Beta
630,EJ01,Robo,FP1,F3,0.7686100655014572,Theta
631,EJ01,Robo,FP1,C3,0.7219746386788162,Theta
632,EJ01,Robo,FP1,PZ,0.45716044804106076,Theta
633,EJ01,Robo,FP1,C4,0.45745675635430366,Theta
634,EJ01,Robo,FP1,F4,0.42380571396176314,Theta
635,EJ01,Robo,FP1,FP2,0.7968386279918195,Theta
636,EJ01,Robo,F3,C3,0.4423059267311197,Theta
637,EJ01,Robo,F3,PZ,0.0742461849543495,Theta
638,EJ01,Robo,F3,C4,0.15201288137897428,Theta
639,EJ01,Robo,F3,F4,0.321802343461245,Theta
640,EJ01,Robo,F3,FP2,0.693005809675835,Theta
641,EJ01,Robo,C3,PZ,0.5449049237064486,Theta
642,EJ01,Robo,C3,C4,0.16353334383945112,Theta
643,EJ01,Robo,C3,F4,0.06855829160379924,Theta
644,EJ01,Robo,C3,FP2,0.4343482200925639,Theta
645,EJ01,Robo,PZ,C4,0.6138404858096591,Theta
646,EJ01,Robo,PZ,F4,0.07451805974231719,Theta
647,EJ01,Robo,PZ,FP2,0.38725994197662533,Theta
648,EJ01,Robo,C4,F4,0.3796443734218663,Theta
649,EJ01,Robo,C4,FP2,0.5980303093675055,Theta
650,EJ01,Robo,F4,FP2,0.2572146005624233,Theta
651,EJ01,Robo,FP1,F3,0.7379163710445037,Alpha
652,EJ01,Robo,FP1,C3,0.676057201559703,Alpha
653,EJ01,Robo,FP1,PZ,0.45488153121311026,Alpha
654,EJ01,Robo,FP1,C4,0.41351030160866625,Alpha
655,EJ01,Robo,FP1,F4,0.30891025534867333,Alpha
656,EJ01,Robo,FP1,FP2,0.6909070234971708,Alpha
657,EJ01,Robo,F3,C3,0.38123831778915607,Alpha
658,EJ01,Robo,F3,PZ,0.07570889332605568,Alpha
659,EJ01,Robo,F3,C4,0.15150789409855955,Alpha
660,EJ01,Robo,F3,F4,0.16066033482110445,Alpha
661,EJ01,Robo,F3,FP2,0.7149692125797877,Alpha
662,EJ01,Robo,C3,PZ,0.5191017385620801,Alpha
663,EJ01,Robo,C3,C4,0.08510012664905942,Alpha
664,EJ01,Robo,C3,F4,0.050884016316791056,Alpha
665,EJ01,Robo,C3,FP2,0.28256585290885045,Alpha
666,EJ01,Robo,PZ,C4,0.5307233002695194,Alpha
667,EJ01,Robo,PZ,F4,0.09354738938747918,Alpha
668,EJ01,Robo,PZ,FP2,0.28436800370527293,Alpha
669,EJ01,Robo,C4,F4,0.3256275855384902,Alpha
670,EJ01,Robo,C4,FP2,0.5480405857358708,Alpha
671,EJ01,Robo,F4,FP2,0.12169226399106928,Alpha
672,EJ01,Robo,FP1,F3,0.6599234687556007,Beta
673,EJ01,Robo,FP1,C3,0.38285685663705565,Beta
674,EJ01,Robo,FP1,PZ,0.0695223523232732,Beta
675,EJ01,Robo,FP1,C4,0.224300377314607,Beta
676,EJ01,Robo,FP1,F4,0.21467208262850226,Beta
677,EJ01,Robo,FP1,FP2,0.4160315525142048,Beta
678,EJ01,Robo,F3,C3,0.16168584767197114,Beta
679,EJ01,Robo,F3,PZ,0.1371748815100694,Beta
680,EJ01,Robo,F3,C4,0.040467293667271996,Beta
681,EJ01,Robo,F3,F4,0.018948797182697513,Beta
682,EJ01,Robo,F3,FP2,0.7101336450907191,Beta
683,EJ01,Robo,C3,PZ,0.24306824586458606,Beta
684,EJ01,Robo,C3,C4,0.03444062313137633,Beta
685,EJ01,Robo,C3,F4,0.02054307477644478,Beta
686,EJ01,Robo,C3,FP2,0.0901174935259165,Beta
687,EJ01,Robo,PZ,C4,0.2418644987498978,Beta
688,EJ01,Robo,PZ,F4,0.014365355494609999,Beta
689,EJ01,Robo,PZ,FP2,0.036155619809257106,Beta
690,EJ01,Robo,C4,F4,0.1972950120543755,Beta
691,EJ01,Robo,C4,FP2,0.20826045225644355,Beta
692,EJ01,Robo,F4,FP2,0.04846647292159005,Beta
693,ES01,Robo,FP1,F3,0.9161337822113493,Theta
694,ES01,Robo,FP1,C3,0.3699500741186633,Theta
695,ES01,Robo,FP1,PZ,0.20234809209572507,Theta
696,ES01,Robo,FP1,C4,0.18239149157368711,Theta
697,ES01,Robo,FP1,F4,0.48404477909640864,Theta
698,ES01,Robo,FP1,FP2,0.8892933948673256,Theta
699,ES01,Robo,F3,C3,0.3271684268206111,Theta
700,ES01,Robo,F3,PZ,0.05982837425614211,Theta
701,ES01,Robo,F3,C4,0.047235394083497334,Theta
702,ES01,Robo,F3,F4,0.2939585629062434,Theta
703,ES01,Robo,F3,FP2,0.697569933238994,Theta
704,ES01,Robo,C3,PZ,0.33129915314470415,Theta
705,ES01,Robo,C3,C4,0.12780102104804486,Theta
706,ES01,Robo,C3,F4,0.04634367798709376,Theta
707,ES01,Robo,C3,FP2,0.23368660079725215,Theta
708,ES01,Robo,PZ,C4,0.47579392306898793,Theta
709,ES01,Robo,PZ,F4,0.07003812601426801,Theta
710,ES01,Robo,PZ,FP2,0.19309249745906887,Theta
711,ES01,Robo,C4,F4,0.2599760375311989,Theta
712,ES01,Robo,C4,FP2,0.27872210105401185,Theta
713,ES01,Robo,F4,FP2,0.7967999837134625,Theta
714,ES01,Robo,FP1,F3,0.8203838565330726,Alpha
715,ES01,Robo,FP1,C3,0.10325875524908983,Alpha
716,ES01,Robo,FP1,PZ,0.12668447558945442,Alpha
717,ES01,Robo,FP1,C4,0.07210364266851782,Alpha
718,ES01,Robo,FP1,F4,0.30006040823005,Alpha
719,ES01,Robo,FP1,FP2,0.7707088375533659,Alpha
720,ES01,Robo,F3,C3,0.113436718171992,Alpha
721,ES01,Robo,F3,PZ,0.029137927559825576,Alpha
722,ES01,Robo,F3,C4,0.01823311498269154,Alpha
723,ES01,Robo,F3,F4,0.11746918943570643,Alpha
724,ES01,Robo,F3,FP2,0.43436802358244436,Alpha
725,ES01,Robo,C3,PZ,0.11081444117253528,Alpha
726,ES01,Robo,C3,C4,0.06766947488356913,Alpha
727,ES01,Robo,C3,F4,0.08431678384890955,Alpha
728,ES01,Robo,C3,FP2,0.06072890317404765,Alpha
729,ES01,Robo,PZ,C4,0.10172330035040256,Alpha
730,ES01,Robo,PZ,F4,0.04775305495724093,Alpha
731,ES01,Robo,PZ,FP2,0.12509235439822192,Alpha
732,ES01,Robo,C4,F4,0.40299431287407195,Alpha
733,ES01,Robo,C4,FP2,0.27064124497098097,Alpha
734,ES01,Robo,F4,FP2,0.751474889824729,Alpha
735,ES01,Robo,FP1,F3,0.8818404084913622,Beta
736,ES01,Robo,FP1,C3,0.20578285062460439,Beta
737,ES01,Robo,FP1,PZ,0.1102663964215477,Beta
738,ES01,Robo,FP1,C4,0.06265539940616337,Beta
739,ES01,Robo,FP1,F4,0.15759888792785987,Beta
740,ES01,Robo,FP1,FP2,0.7033002751772547,Beta
741,ES01,Robo,F3,C3,0.18910486915193778,Beta
742,ES01,Robo,F3,PZ,0.019903255598277218,Beta
743,ES01,Robo,F3,C4,0.0221253040710192,Beta
744,ES01,Robo,F3,F4,0.03906342829501613,Beta
745,ES01,Robo,F3,FP2,0.4051890050605649,Beta
746,ES01,Robo,C3,PZ,0.23240999453349315,Beta
747,ES01,Robo,C3,C4,0.038178256006243354,Beta
748,ES01,Robo,C3,F4,0.016271021335357835,Beta
749,ES01,Robo,C3,FP2,0.07089764470570692,Beta
750,ES01,Robo,PZ,C4,0.21294023032083081,Beta
751,ES01,Robo,PZ,F4,0.03441153076849455,Beta
752,ES01,Robo,PZ,FP2,0.11186896577660778,Beta
753,ES01,Robo,C4,F4,0.24787272463916032,Beta
754,ES01,Robo,C4,FP2,0.20012189411659698,Beta
755,ES01,Robo,F4,FP2,0.6704263574192071,Beta
756,ES02,Robo,FP1,F3,0.8053997368494679,Theta
757,ES02,Robo,FP1,C3,0.46993774591946236,Theta
758,ES02,Robo,FP1,PZ,0.04306555336707336,Theta
759,ES02,Robo,FP1,C4,0.11004422018945097,Theta
760,ES02,Robo,FP1,F4,0.4218340387740239,Theta
761,ES02,Robo,FP1,FP2,0.7387905746514689,Theta
762,ES02,Robo,F3,C3,0.25667846444488174,Theta
763,ES02,Robo,F3,PZ,0.01043445006511769,Theta
764,ES02,Robo,F3,C4,0.01963280337331946,Theta
765,ES02,Robo,F3,F4,0.10886024545291326,Theta
766,ES02,Robo,F3,FP2,0.3465994692135665,Theta
767,ES02,Robo,C3,PZ,0.20554955770049282,Theta
768,ES02,Robo,C3,C4,0.12091454481864145,Theta
769,ES02,Robo,C3,F4,0.07264834525915488,Theta
770,ES02,Robo,C3,FP2,0.2665009035885349,Theta
771,ES02,Robo,PZ,C4,0.1901630071084717,Theta
772,ES02,Robo,PZ,F4,0.022307533192859472,Theta
773,ES02,Robo,PZ,FP2,0.07552551897740827,Theta
774,ES02,Robo,C4,F4,0.22411211216291302,Theta
775,ES02,Robo,C4,FP2,0.3082159828499507,Theta
776,ES02,Robo,F4,FP2,0.869741087250711,Theta
777,ES02,Robo,FP1,F3,0.8726730982157711,Alpha
778,ES02,Robo,FP1,C3,0.485762464705055,Alpha
779,ES02,Robo,FP1,PZ,0.06277248345227078,Alpha
780,ES02,Robo,FP1,C4,0.10207061117195318,Alpha
781,ES02,Robo,FP1,F4,0.5191919687229423,Alpha
782,ES02,Robo,FP1,FP2,0.7717289813248114,Alpha
783,ES02,Robo,F3,C3,0.3537193435373412,Alpha
784,ES02,Robo,F3,PZ,0.08037444350328417,Alpha
785,ES02,Robo,F3,C4,0.09739632191012579,Alpha
786,ES02,Robo,F3,F4,0.26624657654064865,Alpha
787,ES02,Robo,F3,FP2,0.49328094659453575,Alpha
788,ES02,Robo,C3,PZ,0.056608202494778326,Alpha
789,ES02,Robo,C3,C4,0.06845699176052468,Alpha
790,ES02,Robo,C3,F4,0.05475864482542604,Alpha
791,ES02,Robo,C3,FP2,0.2255163743644256,Alpha
792,ES02,Robo,PZ,C4,0.07419676940808492,Alpha
793,ES02,Robo,PZ,F4,0.0924748701653649,Alpha
794,ES02,Robo,PZ,FP2,0.040567162872792974,Alpha
795,ES02,Robo,C4,F4,0.14563189591651754,Alpha
796,ES02,Robo,C4,FP2,0.1638650997890565,Alpha
797,ES02,Robo,F4,FP2,0.8904103650088988,Alpha
798,ES02,Robo,FP1,F3,0.7673766176887001,Beta
799,ES02,Robo,FP1,C3,0.35585545193861434,Beta
800,ES02,Robo,FP1,PZ,0.02599301113098926,Beta
801,ES02,Robo,FP1,C4,0.03662277373690185,Beta
802,ES02,Robo,FP1,F4,0.3314206738370292,Beta
803,ES02,Robo,FP1,FP2,0.656890610646996,Beta
804,ES02,Robo,F3,C3,0.2290964660852041,Beta
805,ES02,Robo,F3,PZ,0.01174218356900918,Beta
806,ES02,Robo,F3,C4,0.012744489113358555,Beta
807,ES02,Robo,F3,F4,0.04228627694744271,Beta
808,ES02,Robo,F3,FP2,0.22545572505192504,Beta
809,ES02,Robo,C3,PZ,0.1885667600034153,Beta
810,ES02,Robo,C3,C4,0.03704886062702267,Beta
811,ES02,Robo,C3,F4,0.009765761203943221,Beta
812,ES02,Robo,C3,FP2,0.10000920173383883,Beta
813,ES02,Robo,PZ,C4,0.12295775409629528,Beta
814,ES02,Robo,PZ,F4,0.009246528744135547,Beta
815,ES02,Robo,PZ,FP2,0.026292873648123827,Beta
816,ES02,Robo,C4,F4,0.11038618503949872,Beta
817,ES02,Robo,C4,FP2,0.1596834212328734,Beta
818,ES02,Robo,F4,FP2,0.8693473479407186,Beta
819,MJ01,Robo,FP1,F3,0.8645837028020882,Theta
820,MJ01,Robo,FP1,C3,0.31457044129124084,Theta
821,MJ01,Robo,FP1,PZ,0.1459018321126797,Theta
822,MJ01,Robo,FP1,C4,0.06525035622877065,Theta
823,MJ01,Robo,FP1,F4,0.25875980958424183,Theta
824,MJ01,Robo,FP1,FP2,0.5837261528087562,Theta
825,MJ01,Robo,F3,C3,0.21831437393423891,Theta
826,MJ01,Robo,F3,PZ,0.04522528438107163,Theta
827,MJ01,Robo,F3,C4,0.023022128628358608,Theta
828,MJ01,Robo,F3,F4,0.053374190329607794,Theta
829,MJ01,Robo,F3,FP2,0.2665316974087575,Theta
830,MJ01,Robo,C3,PZ,0.8887701718601357,Theta
831,MJ01,Robo,C3,C4,0.23855468059440754,Theta
832,MJ01,Robo,C3,F4,0.004944475531187303,Theta
833,MJ01,Robo,C3,FP2,0.05160320431159715,Theta
834,MJ01,Robo,PZ,C4,0.42240036017261207,Theta
835,MJ01,Robo,PZ,F4,0.01807533376432644,Theta
836,MJ01,Robo,PZ,FP2,0.058485913791220825,Theta
837,MJ01,Robo,C4,F4,0.2333441022231124,Theta
838,MJ01,Robo,C4,FP2,0.16232180715112193,Theta
839,MJ01,Robo,F4,FP2,0.880187776103845,Theta
840,MJ01,Robo,FP1,F3,0.827182899542937,Alpha
841,MJ01,Robo,FP1,C3,0.2741924261002112,Alpha
842,MJ01,Robo,FP1,PZ,0.138706825194115,Alpha
843,MJ01,Robo,FP1,C4,0.019831799012670206,Alpha
844,MJ01,Robo,FP1,F4,0.16355116890363713,Alpha
845,MJ01,Robo,FP1,FP2,0.5195715475760055,Alpha
846,MJ01,Robo,F3,C3,0.12870518376670304,Alpha
847,MJ01,Robo,F3,PZ,0.019673467273488066,Alpha
848,MJ01,Robo,F3,C4,0.020690294576257928,Alpha
849,MJ01,Robo,F3,F4,0.01721836113206183,Alpha
850,MJ01,Robo,F3,FP2,0.20477157090747505,Alpha
851,MJ01,Robo,C3,PZ,0.9259146932636597,Alpha
852,MJ01,Robo,C3,C4,0.16118985234297048,Alpha
853,MJ01,Robo,C3,F4,0.033174245546855344,Alpha
854,MJ01,Robo,C3,FP2,0.02834021624102016,Alpha
855,MJ01,Robo,PZ,C4,0.2940796704118096,Alpha
856,MJ01,Robo,PZ,F4,0.017269529304740416,Alpha
857,MJ01,Robo,PZ,FP2,0.03321996852168849,Alpha
858,MJ01,Robo,C4,F4,0.15807195585337108,Alpha
859,MJ01,Robo,C4,FP2,0.08038071832982893,Alpha
860,MJ01,Robo,F4,FP2,0.8278118363299709,Alpha
861,MJ01,Robo,FP1,F3,0.8502264067222858,Beta
862,MJ01,Robo,FP1,C3,0.1792163673902433,Beta
863,MJ01,Robo,FP1,PZ,0.019166690669704573,Beta
864,MJ01,Robo,FP1,C4,0.06108871907592713,Beta
865,MJ01,Robo,FP1,F4,0.10640878961597892,Beta
866,MJ01,Robo,FP1,FP2,0.4003977267080336,Beta
867,MJ01,Robo,F3,C3,0.17499879914537783,Beta
868,MJ01,Robo,F3,PZ,0.017925779547982898,Beta
869,MJ01,Robo,F3,C4,0.09355414259957485,Beta
870,MJ01,Robo,F3,F4,0.03203716583064552,Beta
871,MJ01,Robo,F3,FP2,0.12239021273164405,Beta
872,MJ01,Robo,C3,PZ,0.7212536187969935,Beta
873,MJ01,Robo,C3,C4,0.0403979645395418,Beta
874,MJ01,Robo,C3,F4,0.1470784065824577,Beta
875,MJ01,Robo,C3,FP2,0.03547468773320556,Beta
876,MJ01,Robo,PZ,C4,0.09633259545420297,Beta
877,MJ01,Robo,PZ,F4,0.031174999608384723,Beta
878,MJ01,Robo,PZ,FP2,0.01935248455002832,Beta
879,MJ01,Robo,C4,F4,0.1528460754576292,Beta
880,MJ01,Robo,C4,FP2,0.02523155738937613,Beta
881,MJ01,Robo,F4,FP2,0.8327360628784477,Beta
882,MT01,Desi,FP1,F3,0.7221817148039944,Theta
883,MT01,Desi,FP1,C3,0.23311286781566756,Theta
884,MT01,Desi,FP1,PZ,0.20769366169093412,Theta
885,MT01,Desi,FP1,C4,0.3274758284206091,Theta
886,MT01,Desi,FP1,F4,0.5210499293193626,Theta
887,MT01,Desi,FP1,FP2,0.923780841059126,Theta
888,MT01,Desi,F3,C3,0.1965831864484385,Theta
889,MT01,Desi,F3,PZ,0.023252064779998992,Theta
890,MT01,Desi,F3,C4,0.008503267535315643,Theta
891,MT01,Desi,F3,F4,0.09528580179666467,Theta
892,MT01,Desi,F3,FP2,0.726881316538387,Theta
893,MT01,Desi,C3,PZ,0.39298883921472577,Theta
894,MT01,Desi,C3,C4,0.1278114514210614,Theta
895,MT01,Desi,C3,F4,0.07503654150365907,Theta
896,MT01,Desi,C3,FP2,0.1726790300171053,Theta
897,MT01,Desi,PZ,C4,0.2900088241223539,Theta
898,MT01,Desi,PZ,F4,0.12322716353813781,Theta
899,MT01,Desi,PZ,FP2,0.0542933699357373,Theta
900,MT01,Desi,C4,F4,0.8876545049688205,Theta
901,MT01,Desi,C4,FP2,0.3049035523729081,Theta
902,MT01,Desi,F4,FP2,0.5686066050660937,Theta
903,MT01,Desi,FP1,F3,0.5878771392937119,Alpha
904,MT01,Desi,FP1,C3,0.048980969584210235,Alpha
905,MT01,Desi,FP1,PZ,0.10364925785645626,Alpha
906,MT01,Desi,FP1,C4,0.20924824179520313,Alpha
907,MT01,Desi,FP1,F4,0.3852490816397244,Alpha
908,MT01,Desi,FP1,FP2,0.8563546694278381,Alpha
909,MT01,Desi,F3,C3,0.06077164556947116,Alpha
910,MT01,Desi,F3,PZ,0.018521296139208547,Alpha
911,MT01,Desi,F3,C4,0.043966601330504396,Alpha
912,MT01,Desi,F3,F4,0.017588321929440064,Alpha
913,MT01,Desi,F3,FP2,0.5697711091897231,Alpha
914,MT01,Desi,C3,PZ,0.25156689880279165,Alpha
915,MT01,Desi,C3,C4,0.025045599382275165,Alpha
916,MT01,Desi,C3,F4,0.0322526825721016,Alpha
917,MT01,Desi,C3,FP2,0.03843536698204658,Alpha
918,MT01,Desi,PZ,C4,0.13170809391000593,Alpha
919,MT01,Desi,PZ,F4,0.030651654721947485,Alpha
920,MT01,Desi,PZ,FP2,0.030675015485626463,Alpha
921,MT01,Desi,C4,F4,0.8747310604450294,Alpha
922,MT01,Desi,C4,FP2,0.2111052305663174,Alpha
923,MT01,Desi,F4,FP2,0.48121979950537036,Alpha
924,MT01,Desi,FP1,F3,0.7095955086069439,Beta
925,MT01,Desi,FP1,C3,0.049068181359787466,Beta
926,MT01,Desi,FP1,PZ,0.03526088867353908,Beta
927,MT01,Desi,FP1,C4,0.11170888280823559,Beta
928,MT01,Desi,FP1,F4,0.3324360824890673,Beta
929,MT01,Desi,FP1,FP2,0.917124463259578,Beta
930,MT01,Desi,F3,C3,0.11702043734800303,Beta
931,MT01,Desi,F3,PZ,0.013456954562682734,Beta
932,MT01,Desi,F3,C4,0.05120994111029239,Beta
933,MT01,Desi,F3,F4,0.017347722010735128,Beta
934,MT01,Desi,F3,FP2,0.6847617352156035,Beta
935,MT01,Desi,C3,PZ,0.1516081265439979,Beta
936,MT01,Desi,C3,C4,0.007245518425985404,Beta
937,MT01,Desi,C3,F4,0.012822887895157306,Beta
938,MT01,Desi,C3,FP2,0.042966765502189815,Beta
939,MT01,Desi,PZ,C4,0.09813228344604018,Beta
940,MT01,Desi,PZ,F4,0.013916038023034129,Beta
941,MT01,Desi,PZ,FP2,0.012612673763965635,Beta
942,MT01,Desi,C4,F4,0.8586943162272351,Beta
943,MT01,Desi,C4,FP2,0.12812646404254635,Beta
944,MT01,Desi,F4,FP2,0.4069001639393056,Beta
945,MT01,Robo,FP1,F3,0.7845786929549606,Theta
946,MT01,Robo,FP1,C3,0.8268930005425807,Theta
947,MT01,Robo,FP1,PZ,0.3519371415287856,Theta
948,MT01,Robo,FP1,C4,0.052953741456350886,Theta
949,MT01,Robo,FP1,F4,0.5002088145185226,Theta
950,MT01,Robo,FP1,FP2,0.46194307884861785,Theta
951,MT01,Robo,F3,C3,0.38919954995095163,Theta
952,MT01,Robo,F3,PZ,0.09190257349068283,Theta
953,MT01,Robo,F3,C4,0.0037139875314741405,Theta
954,MT01,Robo,F3,F4,0.15435947425277458,Theta
955,MT01,Robo,F3,FP2,0.23226235476577173,Theta
956,MT01,Robo,C3,PZ,0.4368678907258047,Theta
957,MT01,Robo,C3,C4,0.14251891672042075,Theta
958,MT01,Robo,C3,F4,0.6722748757205415,Theta
959,MT01,Robo,C3,FP2,0.41939368941278676,Theta
960,MT01,Robo,PZ,C4,0.28716996812141315,Theta
961,MT01,Robo,PZ,F4,0.8645336653877609,Theta
962,MT01,Robo,PZ,FP2,0.9409955871721677,Theta
963,MT01,Robo,C4,F4,0.5035833705726799,Theta
964,MT01,Robo,C4,FP2,0.2403277702983157,Theta
965,MT01,Robo,F4,FP2,0.8008211357374488,Theta
966,MT01,Robo,FP1,F3,0.7367707280250515,Alpha
967,MT01,Robo,FP1,C3,0.8113741260887146,Alpha
968,MT01,Robo,FP1,PZ,0.16153403269486227,Alpha
969,MT01,Robo,FP1,C4,0.09046116611294922,Alpha
970,MT01,Robo,FP1,F4,0.19940863899112454,Alpha
971,MT01,Robo,FP1,FP2,0.21640898536097392,Alpha
972,MT01,Robo,F3,C3,0.32685762161408016,Alpha
973,MT01,Robo,F3,PZ,0.014520638085320975,Alpha
974,MT01,Robo,F3,C4,0.09514477268554804,Alpha
975,MT01,Robo,F3,F4,0.02735163867944095,Alpha
976,MT01,Robo,F3,FP2,0.06677895610290643,Alpha
977,MT01,Robo,C3,PZ,0.22933115420204545,Alpha
978,MT01,Robo,C3,C4,0.04914950556822416,Alpha
979,MT01,Robo,C3,F4,0.3291787163207825,Alpha
980,MT01,Robo,C3,FP2,0.2010767524638358,Alpha
981,MT01,Robo,PZ,C4,0.15243495982287042,Alpha
982,MT01,Robo,PZ,F4,0.804751291868919,Alpha
983,MT01,Robo,PZ,FP2,0.9489835508001901,Alpha
984,MT01,Robo,C4,F4,0.43421829016468605,Alpha
985,MT01,Robo,C4,FP2,0.1557431294547621,Alpha
986,MT01,Robo,F4,FP2,0.7566996811285845,Alpha
987,MT01,Robo,FP1,F3,0.7413972804749193,Beta
988,MT01,Robo,FP1,C3,0.7696841216913272,Beta
989,MT01,Robo,FP1,PZ,0.2604240553375939,Beta
990,MT01,Robo,FP1,C4,0.022648037728257,Beta
991,MT01,Robo,FP1,F4,0.3107074593674924,Beta
992,MT01,Robo,FP1,FP2,0.36924200065629575,Beta
993,MT01,Robo,F3,C3,0.28535221668335436,Beta
994,MT01,Robo,F3,PZ,0.04479005648083996,Beta
995,MT01,Robo,F3,C4,0.02109762814429869,Beta
996,MT01,Robo,F3,F4,0.06932965433814538,Beta
997,MT01,Robo,F3,FP2,0.16209018483801715,Beta
998,MT01,Robo,C3,PZ,0.35021495635471367,Beta
999,MT01,Robo,C3,C4,0.017434457590855486,Beta
1000,MT01,Robo,C3,F4,0.48425063688321945,Beta
1001,MT01,Robo,C3,FP2,0.31772631277621227,Beta
1002,MT01,Robo,PZ,C4,0.08236363402495826,Beta
1003,MT01,Robo,PZ,F4,0.78515453731193,Beta
1004,MT01,Robo,PZ,FP2,0.926609124950304,Beta
1005,MT01,Robo,C4,F4,0.34911073028856493,Beta
1006,MT01,Robo,C4,FP2,0.07978690894307366,Beta
1007,MT01,Robo,F4,FP2,0.7296497678786651,Beta
1008,ST01,Desi,FP1,F3,0.8887782556192765,Theta
1009,ST01,Desi,FP1,C3,0.35418240129297907,Theta
1010,ST01,Desi,FP1,PZ,0.17750351404124085,Theta
1011,ST01,Desi,FP1,C4,0.09417108053028005,Theta
1012,ST01,Desi,FP1,F4,0.6076759851814243,Theta
1013,ST01,Desi,FP1,FP2,0.7519736037380511,Theta
1014,ST01,Desi,F3,C3,0.3780018133458789,Theta
1015,ST01,Desi,F3,PZ,0.08119527357413601,Theta
1016,ST01,Desi,F3,C4,0.03531293911260897,Theta
1017,ST01,Desi,F3,F4,0.34083312494503853,Theta
1018,ST01,Desi,F3,FP2,0.502432538410925,Theta
1019,ST01,Desi,C3,PZ,0.31374944141678796,Theta
1020,ST01,Desi,C3,C4,0.1329011301415316,Theta
1021,ST01,Desi,C3,F4,0.09800543067798387,Theta
1022,ST01,Desi,C3,FP2,0.1432260255716571,Theta
1023,ST01,Desi,PZ,C4,0.23413085108839815,Theta
1024,ST01,Desi,PZ,F4,0.04020647383435016,Theta
1025,ST01,Desi,PZ,FP2,0.0969045589953445,Theta
1026,ST01,Desi,C4,F4,0.23751678609324367,Theta
1027,ST01,Desi,C4,FP2,0.1453130001126696,Theta
1028,ST01,Desi,F4,FP2,0.7935699226034697,Theta
1029,ST01,Desi,FP1,F3,0.8778546861858724,Alpha
1030,ST01,Desi,FP1,C3,0.3007914703316797,Alpha
1031,ST01,Desi,FP1,PZ,0.16462540161295303,Alpha
1032,ST01,Desi,FP1,C4,0.12604180874582688,Alpha
1033,ST01,Desi,FP1,F4,0.5522295202343748,Alpha
1034,ST01,Desi,FP1,FP2,0.7572822371912316,Alpha
1035,ST01,Desi,F3,C3,0.3607130336164699,Alpha
1036,ST01,Desi,F3,PZ,0.05878863664979318,Alpha
1037,ST01,Desi,F3,C4,0.06417473136821225,Alpha
1038,ST01,Desi,F3,F4,0.2849844227761108,Alpha
1039,ST01,Desi,F3,FP2,0.5107533759017053,Alpha
1040,ST01,Desi,C3,PZ,0.1381492170272502,Alpha
1041,ST01,Desi,C3,C4,0.05241143367287353,Alpha
1042,ST01,Desi,C3,F4,0.09355987827790033,Alpha
1043,ST01,Desi,C3,FP2,0.1657707851320252,Alpha
1044,ST01,Desi,PZ,C4,0.15989026368128864,Alpha
1045,ST01,Desi,PZ,F4,0.056441750860899254,Alpha
1046,ST01,Desi,PZ,FP2,0.10886907881052385,Alpha
1047,ST01,Desi,C4,F4,0.2585759384565911,Alpha
1048,ST01,Desi,C4,FP2,0.13998037708228067,Alpha
1049,ST01,Desi,F4,FP2,0.72124289540125,Alpha
1050,ST01,Desi,FP1,F3,0.8215641407574734,Beta
1051,ST01,Desi,FP1,C3,0.14007525707017615,Beta
1052,ST01,Desi,FP1,PZ,0.04314403623758676,Beta
1053,ST01,Desi,FP1,C4,0.02937901716334177,Beta
1054,ST01,Desi,FP1,F4,0.3050832745277842,Beta
1055,ST01,Desi,FP1,FP2,0.5168710623408297,Beta
1056,ST01,Desi,F3,C3,0.1605098900833621,Beta
1057,ST01,Desi,F3,PZ,0.010919840908486229,Beta
1058,ST01,Desi,F3,C4,0.015939329238976636,Beta
1059,ST01,Desi,F3,F4,0.061783157279853465,Beta
1060,ST01,Desi,F3,FP2,0.2374632949539227,Beta
1061,ST01,Desi,C3,PZ,0.15279803145492885,Beta
1062,ST01,Desi,C3,C4,0.04433064403424067,Beta
1063,ST01,Desi,C3,F4,0.01840257084313041,Beta
1064,ST01,Desi,C3,FP2,0.040356802138840416,Beta
1065,ST01,Desi,PZ,C4,0.22338869786117224,Beta
1066,ST01,Desi,PZ,F4,0.014140002794862577,Beta
1067,ST01,Desi,PZ,FP2,0.02051945430805017,Beta
1068,ST01,Desi,C4,F4,0.09817721504100256,Beta
1069,ST01,Desi,C4,FP2,0.034072797293365445,Beta
1070,ST01,Desi,F4,FP2,0.4733195193680547,Beta
1071,ST01,Robo,FP1,F3,0.8406448366650103,Theta
1072,ST01,Robo,FP1,C3,0.1627346685493241,Theta
1073,ST01,Robo,FP1,PZ,0.004840606021363964,Theta
1074,ST01,Robo,FP1,C4,0.17745676251549453,Theta
1075,ST01,Robo,FP1,F4,0.7709294417598975,Theta
1076,ST01,Robo,FP1,FP2,0.9662939277027871,Theta
1077,ST01,Robo,F3,C3,0.28661366076094913,Theta
1078,ST01,Robo,F3,PZ,0.015792917398328686,Theta
1079,ST01,Robo,F3,C4,0.11613771148371263,Theta
1080,ST01,Robo,F3,F4,0.388087321254322,Theta
1081,ST01,Robo,F3,FP2,0.7139995880949852,Theta
1082,ST01,Robo,C3,PZ,0.19351701616591743,Theta
1083,ST01,Robo,C3,C4,0.14258011455427097,Theta
1084,ST01,Robo,C3,F4,0.05490239588616215,Theta
1085,ST01,Robo,C3,FP2,0.07916043937778809,Theta
1086,ST01,Robo,PZ,C4,0.14784135863434344,Theta
1087,ST01,Robo,PZ,F4,0.004841191492138451,Theta
1088,ST01,Robo,PZ,FP2,0.01435968911488039,Theta
1089,ST01,Robo,C4,F4,0.26723979085472804,Theta
1090,ST01,Robo,C4,FP2,0.1308113412153766,Theta
1091,ST01,Robo,F4,FP2,0.8351461746431846,Theta
1092,ST01,Robo,FP1,F3,0.7671864379502393,Alpha
1093,ST01,Robo,FP1,C3,0.13559365587640643,Alpha
1094,ST01,Robo,FP1,PZ,0.036212608059608645,Alpha
1095,ST01,Robo,FP1,C4,0.12365563850471695,Alpha
1096,ST01,Robo,FP1,F4,0.6159717078862852,Alpha
1097,ST01,Robo,FP1,FP2,0.9532090176934533,Alpha
1098,ST01,Robo,F3,C3,0.25142139646217315,Alpha
1099,ST01,Robo,F3,PZ,0.055583101730595316,Alpha
1100,ST01,Robo,F3,C4,0.05619779957356276,Alpha
1101,ST01,Robo,F3,F4,0.16559935234473658,Alpha
1102,ST01,Robo,F3,FP2,0.592688315342998,Alpha
1103,ST01,Robo,C3,PZ,0.21560095695508755,Alpha
1104,ST01,Robo,C3,C4,0.023578281526625694,Alpha
1105,ST01,Robo,C3,F4,0.01706451902152657,Alpha
1106,ST01,Robo,C3,FP2,0.058835232512392685,Alpha
1107,ST01,Robo,PZ,C4,0.07389192566903771,Alpha
1108,ST01,Robo,PZ,F4,0.01752399496538373,Alpha
1109,ST01,Robo,PZ,FP2,0.020202942557171883,Alpha
1110,ST01,Robo,C4,F4,0.22999884869343132,Alpha
1111,ST01,Robo,C4,FP2,0.09303417284916311,Alpha
1112,ST01,Robo,F4,FP2,0.7369204640557656,Alpha
1113,ST01,Robo,FP1,F3,0.7184687568346664,Beta
1114,ST01,Robo,FP1,C3,0.091723449931013,Beta
1115,ST01,Robo,FP1,PZ,0.008582033014337756,Beta
1116,ST01,Robo,FP1,C4,0.023639069263502153,Beta
1117,ST01,Robo,FP1,F4,0.45821992288759883,Beta
1118,ST01,Robo,FP1,FP2,0.9456227696906666,Beta
1119,ST01,Robo,F3,C3,0.1900865944274479,Beta
1120,ST01,Robo,F3,PZ,0.009722920101967089,Beta
1121,ST01,Robo,F3,C4,0.011621257440777305,Beta
1122,ST01,Robo,F3,F4,0.06056379823104379,Beta
1123,ST01,Robo,F3,FP2,0.5142872752483665,Beta
1124,ST01,Robo,C3,PZ,0.19906975481534728,Beta
1125,ST01,Robo,C3,C4,0.03710297222960832,Beta
1126,ST01,Robo,C3,F4,0.015199013715165466,Beta
1127,ST01,Robo,C3,FP2,0.032845680995342096,Beta
1128,ST01,Robo,PZ,C4,0.20457951620967257,Beta
1129,ST01,Robo,PZ,F4,0.012855247377404191,Beta
1130,ST01,Robo,PZ,FP2,0.022171820489579802,Beta
1131,ST01,Robo,C4,F4,0.08908565788947942,Beta
1132,ST01,Robo,C4,FP2,0.012273697761416298,Beta
1133,ST01,Robo,F4,FP2,0.6321213024415373,Beta
1134,ST02,Robo,FP1,F3,0.40699074718988487,Theta
1135,ST02,Robo,FP1,C3,0.1478821476973769,Theta
1136,ST02,Robo,FP1,PZ,0.3745740205374405,Theta
1137,ST02,Robo,FP1,C4,0.32078293709627703,Theta
1138,ST02,Robo,FP1,F4,0.7374454984477672,Theta
1139,ST02,Robo,FP1,FP2,0.9999427952272917,Theta
1140,ST02,Robo,F3,C3,0.2952676699703074,Theta
1141,ST02,Robo,F3,PZ,0.06710343878458881,Theta
1142,ST02,Robo,F3,C4,0.028307323340956505,Theta
1143,ST02,Robo,F3,F4,0.09551943434240813,Theta
1144,ST02,Robo,F3,FP2,0.40778828163405834,Theta
1145,ST02,Robo,C3,PZ,0.2582005519349293,Theta
1146,ST02,Robo,C3,C4,0.10633132638358508,Theta
1147,ST02,Robo,C3,F4,0.0247926324854601,Theta
1148,ST02,Robo,C3,FP2,0.14951045959580841,Theta
1149,ST02,Robo,PZ,C4,0.2843509538640671,Theta
1150,ST02,Robo,PZ,F4,0.10290211197690227,Theta
1151,ST02,Robo,PZ,FP2,0.3810221896050584,Theta
1152,ST02,Robo,C4,F4,0.39216189903273324,Theta
1153,ST02,Robo,C4,FP2,0.3220090349489933,Theta
1154,ST02,Robo,F4,FP2,0.7321399095324704,Theta
1155,ST02,Robo,FP1,F3,0.42595603859051234,Alpha
1156,ST02,Robo,FP1,C3,0.06476336740413388,Alpha
1157,ST02,Robo,FP1,PZ,0.3022178617813517,Alpha
1158,ST02,Robo,FP1,C4,0.20697645838526837,Alpha
1159,ST02,Robo,FP1,F4,0.7082111377356326,Alpha
1160,ST02,Robo,FP1,FP2,0.9999187266306035,Alpha
1161,ST02,Robo,F3,C3,0.22081971806345102,Alpha
1162,ST02,Robo,F3,PZ,0.05000223578230645,Alpha
1163,ST02,Robo,F3,C4,0.022344258253594783,Alpha
1164,ST02,Robo,F3,F4,0.12205180633453164,Alpha
1165,ST02,Robo,F3,FP2,0.42642292181932123,Alpha
1166,ST02,Robo,C3,PZ,0.13896581505494904,Alpha
1167,ST02,Robo,C3,C4,0.03256730842780104,Alpha
1168,ST02,Robo,C3,F4,0.010723852317487372,Alpha
1169,ST02,Robo,C3,FP2,0.06527585644806813,Alpha
1170,ST02,Robo,PZ,C4,0.1484336177438343,Alpha
1171,ST02,Robo,PZ,F4,0.03987632790820324,Alpha
1172,ST02,Robo,PZ,FP2,0.3095065448634563,Alpha
1173,ST02,Robo,C4,F4,0.26808219066703254,Alpha
1174,ST02,Robo,C4,FP2,0.2083003679360383,Alpha
1175,ST02,Robo,F4,FP2,0.7014542542003757,Alpha
1176,ST02,Robo,FP1,F3,0.36718504827001325,Beta
1177,ST02,Robo,FP1,C3,0.06894330418830195,Beta
1178,ST02,Robo,FP1,PZ,0.12292049583061049,Beta
1179,ST02,Robo,FP1,C4,0.13133849185667792,Beta
1180,ST02,Robo,FP1,F4,0.6770222288428915,Beta
1181,ST02,Robo,FP1,FP2,0.9999040056078732,Beta
1182,ST02,Robo,F3,C3,0.13541882885956918,Beta
1183,ST02,Robo,F3,PZ,0.014167419143622646,Beta
1184,ST02,Robo,F3,C4,0.026982311915236427,Beta
1185,ST02,Robo,F3,F4,0.053565456889151514,Beta
1186,ST02,Robo,F3,FP2,0.36954703526592364,Beta
1187,ST02,Robo,C3,PZ,0.19657695614062576,Beta
1188,ST02,Robo,C3,C4,0.04613273223926438,Beta
1189,ST02,Robo,C3,F4,0.014637830182202749,Beta
1190,ST02,Robo,C3,FP2,0.06990279162275462,Beta
1191,ST02,Robo,PZ,C4,0.18258393501313497,Beta
1192,ST02,Robo,PZ,F4,0.00677488240390748,Beta
1193,ST02,Robo,PZ,FP2,0.12797409359483333,Beta
1194,ST02,Robo,C4,F4,0.1166374922332851,Beta
1195,ST02,Robo,C4,FP2,0.13343151662374406,Beta
1196,ST02,Robo,F4,FP2,0.6693527673012081,Beta
